,V_Drain,I_Drain,V_Gate,I_Gate,I_Drain_abs,I_Drain_sqrt,x_lin,y_lin
0,-60.0,-2.3780000000000003e-09,20.0,1.5879999999999999e-09,2.3780000000000003e-09,4.876474136094644e-05,,
1,-60.0,-1.966e-09,18.0,-1.402e-09,1.966e-09,4.433959855479073e-05,,
2,-60.0,-8.64e-10,16.0,1.04e-10,8.64e-10,2.939387691339814e-05,,
3,-60.0,1.94e-10,14.0,7.63e-10,1.94e-10,1.392838827718412e-05,,
4,-60.0,-3.9e-10,12.0,-1.2720000000000002e-09,3.9e-10,1.97484176581315e-05,,
5,-60.0,2.88e-10,10.0,2.4e-11,2.88e-10,1.697056274847714e-05,,
6,-60.0,-3.4e-11,8.0,-5.18e-10,3.4e-11,5.830951894845301e-06,,
7,-60.0,-1.024e-09,6.0,-1.681e-09,1.024e-09,3.2e-05,,
8,-60.0,-3.89e-10,4.0,-9.25e-10,3.89e-10,1.972308292331602e-05,,
9,-60.0,-9.22e-10,2.0,-2.324e-09,9.22e-10,3.0364452901377953e-05,,
10,-60.0,1e-12,-2.1e-06,-1.713e-09,1e-12,1e-06,,
11,-60.0,-8.71e-10,-2.0,-2.174e-09,8.71e-10,2.9512709126747412e-05,,
12,-60.0,-6.65e-10,-4.0,-2.278e-09,6.65e-10,2.5787593916455254e-05,,
13,-60.0,-3.04e-10,-6.0,-7.84e-10,3.04e-10,1.7435595774162695e-05,,
14,-60.0,-2.008e-09,-8.0,-8.53e-10,2.008e-09,4.481071300481616e-05,,
15,-60.0,-4.642e-09,-10.0,-1.6039999999999998e-09,4.642e-09,6.81322243875833e-05,,
16,-60.0,-8.246e-09,-12.0,-2.474e-09,8.246e-09,9.080748867797192e-05,,
17,-60.0,-1.146e-08,-14.0,-2.5769999999999997e-09,1.146e-08,0.00010705138952858108,,
18,-60.0,-1.6283e-08,-16.0,-3.151e-09,1.6283e-08,0.0001276048588416601,,
19,-60.0,-2.9691e-08,-18.0,-7.476e-09,2.9691e-08,0.00017231076576929255,,
20,-60.0,-4.8106e-08,-19.99999,-1.1823e-08,4.8106e-08,0.00021933080039064282,,
21,-60.0,-4.5449e-08,-22.0,-8.92e-09,4.5449e-08,0.0002131877107152286,,
22,-60.0,-5.6211e-08,-24.0,-9.288e-09,5.6211e-08,0.00023708859103719015,,
23,-60.0,-6.5268e-08,-26.0,-1.0237000000000001e-08,6.5268e-08,0.0002554760262725252,,
24,-60.0,-7.2354e-08,-28.0,-8.605e-09,7.2354e-08,0.0002689869885329028,,
25,-60.0,-9.006399999999999e-08,-30.0,-8.147e-09,9.006399999999999e-08,0.0003001066477104431,,
26,-60.0,-1.0290800000000001e-07,-32.0,-7.582e-09,1.0290800000000001e-07,0.0003207927679982827,,
27,-60.0,-1.1491500000000001e-07,-34.0,-8.386e-09,1.1491500000000001e-07,0.0003389911503269665,,
28,-60.0,-1.3298e-07,-36.0,-9.063e-09,1.3298e-07,0.00036466422912043346,,
29,-60.0,-1.44925e-07,-38.0,-7.693e-09,1.44925e-07,0.0003806901627307961,,
30,-60.0,-1.66083e-07,-40.0,-6.741000000000001e-09,1.66083e-07,0.00040753282076416865,,
31,-60.0,-1.85348e-07,-42.0,-8.958e-09,1.85348e-07,0.00043052061506970837,,
32,-60.0,-1.9839e-07,-44.0,-8.903e-09,1.9839e-07,0.00044540992355357326,,
33,-60.0,-2.10559e-07,-46.0,-8.114e-09,2.10559e-07,0.0004588670831515375,,
34,-60.0,-2.3081e-07,-48.0,-8.291e-09,2.3081e-07,0.0004804268935020187,,
35,-60.0,-2.4829999999999997e-07,-50.0,-8.409e-09,2.4829999999999997e-07,0.0004982971001320397,,
36,-60.0,-2.70804e-07,-52.0,-1.0395000000000001e-08,2.70804e-07,0.0005203883165483253,,
37,-60.0,-2.8946e-07,-54.0,-1.1789e-08,2.8946e-07,0.0005380148696829856,,
38,-60.0,-2.9915e-07,-56.0,-1.0733e-08,2.9915e-07,0.000546946066810979,,
39,-60.0,-3.15918e-07,-58.0,-1.1119000000000002e-08,3.15918e-07,0.0005620658324431401,,
40,-60.0,-3.33724e-07,-60.0,-1.3476999999999999e-08,3.33724e-07,0.000577688497375532,,
41,-60.0,-3.42919e-07,-62.0,-1.2881e-08,3.42919e-07,0.0005855928619783544,,
42,-60.0,-3.57421e-07,-64.0,-1.3936e-08,3.57421e-07,0.0005978469703862352,,
43,-60.0,-3.93269e-07,-66.0,-3.011e-08,3.93269e-07,0.0006271116328055157,,
44,-60.0,-3.9442500000000004e-07,-68.0,-1.647e-08,3.9442500000000004e-07,0.0006280326424637497,,
45,-60.0,-3.97115e-07,-70.0,-1.5072e-08,3.97115e-07,0.000630170611818736,,
46,-60.0,-4.3488e-07,-72.0002,-3.2304e-08,4.3488e-07,0.0006594543198736361,,
47,-60.0,-4.3547600000000003e-07,-74.0,-2.0086e-08,4.3547600000000003e-07,0.0006599060539197986,,
48,-60.0,-4.29927e-07,-76.0,-1.3543000000000001e-08,4.29927e-07,0.0006556881880894302,,
49,-60.0,-4.28079e-07,-78.0,-1.3224e-08,4.28079e-07,0.0006542774640777413,,
50,-60.0,-4.39645e-07,-80.0,-1.4635e-08,4.39645e-07,0.0006630573127565972,,
51,-60.0,-4.3874899999999995e-07,-82.0,-1.3996e-08,4.3874899999999995e-07,0.0006623813101228023,,
52,-60.0,-4.38055e-07,-84.0,-1.3393e-08,4.38055e-07,0.000661857235361222,,
53,-60.0,-4.4786099999999996e-07,-86.0,-1.3182e-08,4.4786099999999996e-07,0.0006692241776863714,,
54,-60.0,-4.49226e-07,-88.0,-1.5181e-08,4.49226e-07,0.0006702432394287913,,
55,-60.0,-4.50302e-07,-90.0,-1.4525999999999999e-08,4.50302e-07,0.0006710454530059793,,
56,-60.0,-4.59394e-07,-92.0,-1.5621e-08,4.59394e-07,0.0006777861019525261,,
57,-60.0,-4.63322e-07,-94.0,-1.4558e-08,4.63322e-07,0.0006806776035686792,,
58,-60.0,-4.57938e-07,-96.0,-1.2641e-08,4.57938e-07,0.0006767111643825598,,
59,-60.0,-4.63851e-07,-98.0,-1.3884e-08,4.63851e-07,0.0006810660760895377,,
60,-60.0,-4.90227e-07,-100.0,-3.0127e-08,4.90227e-07,0.0007001621240827013,,
61,-64.0,-6.576e-09,20.0,4.7910000000000005e-09,6.576e-09,8.109253973085317e-05,,
62,-64.0,-4.001e-09,18.0,3.929e-09,4.001e-09,6.325345840347387e-05,,
63,-64.0,-2.438e-09,16.0,2.953e-09,2.438e-09,4.937610758251403e-05,,
64,-64.0,-2.073e-09,14.0,1.3209999999999999e-09,2.073e-09,4.553020975132885e-05,,
65,-64.0,-5.8e-10,12.0,1.0440000000000001e-09,5.8e-10,2.408318915758459e-05,,
66,-64.0,-8.83e-10,10.0,5.88e-10,8.83e-10,2.971531591620725e-05,,
67,-64.0,-9.53e-10,8.0,6.5e-11,9.53e-10,3.087069808086626e-05,,
68,-64.0,-2.43e-10,6.0,9.03e-10,2.43e-10,1.5588457268119894e-05,,
69,-64.0,2.42e-10,4.0,1.482e-09,2.42e-10,1.5556349186104044e-05,,
70,-64.0,-6.03e-10,2.0,3e-12,6.03e-10,2.455605831561735e-05,,
71,-64.0,-1.109e-09,-1.8e-06,-9.41e-10,1.109e-09,3.330165161069343e-05,,
72,-64.0,-4.32e-10,-2.0,2.09e-10,4.32e-10,2.0784609690826528e-05,,
73,-64.0,4.95e-10,-4.0,1.494e-09,4.95e-10,2.224859546128699e-05,,
74,-64.0,-1.28e-10,-6.0,6.12e-10,1.28e-10,1.131370849898476e-05,,
75,-64.0,-1.221e-09,-8.0,-9.89e-10,1.221e-09,3.49428104193123e-05,,
76,-64.0,-4.74e-10,-10.0,-1.18e-10,4.74e-10,2.1771541057077243e-05,,
77,-64.0,-1.3e-10,-12.0,3.4e-10,1.3e-10,1.1401754250991379e-05,,
78,-64.0,-8.14e-10,-13.999989999999999,-1.3150000000000001e-09,8.14e-10,2.853068523537421e-05,,
79,-64.0,-8.86e-10,-15.999989999999999,-1.9259999999999998e-09,8.86e-10,2.9765752132274435e-05,,
80,-64.0,-7.26e-10,-18.0,-1.153e-09,7.26e-10,2.694438717061496e-05,,
81,-64.0,5.96e-10,-20.0,4.88e-10,5.96e-10,2.4413111231467404e-05,,
82,-64.0,2.8e-11,-22.0,-5.27e-10,2.8e-11,5.2915026221291815e-06,,
83,-64.0,-7.48e-10,-24.0,-1.5299999999999999e-09,7.48e-10,2.7349588662354686e-05,,
84,-64.0,-2.413e-09,-26.0,-1.657e-09,2.413e-09,4.912229636326054e-05,,
85,-64.0,-2.749e-09,-28.0,1.05e-10,2.749e-09,5.2430906915673315e-05,,
86,-64.0,-7.1879999999999996e-09,-30.0,-2.655e-09,7.1879999999999996e-09,8.478207357690657e-05,,
87,-64.0,-9.305999999999999e-09,-32.0,-3.84e-10,9.305999999999999e-09,9.646761114488116e-05,,
88,-64.0,-1.2999000000000001e-08,-34.0,1.77e-10,1.2999000000000001e-08,0.00011401315713548153,,
89,-64.0,-1.8878e-08,-36.0,-1.3039999999999998e-09,1.8878e-08,0.00013739723432442153,,
90,-64.0,-2.427e-08,-38.0,-1.075e-09,2.427e-08,0.00015578831791889918,,
91,-64.0,-3.0731e-08,-40.0,-4.96e-10,3.0731e-08,0.00017530259553126987,,
92,-64.0,-4.0309e-08,-42.0,2.82e-10,4.0309e-08,0.0002007710138441304,,
93,-64.0,-6.5915e-08,-44.0002,-3.13e-10,6.5915e-08,0.0002567391672495648,,
94,-64.0,-6.9109e-08,-46.0,8.6e-11,6.9109e-08,0.00026288590681130094,,
95,-64.0,-8.155099999999999e-08,-48.0,-4.41e-10,8.155099999999999e-08,0.00028557135710711605,,
96,-64.0,-9.8536e-08,-50.0,-1.736e-09,9.8536e-08,0.00031390444405901617,,
97,-64.0,-1.14679e-07,-52.0,-2.0880000000000002e-09,1.14679e-07,0.0003386428797420669,,
98,-64.0,-1.2582e-07,-54.0,-2.342e-09,1.2582e-07,0.00035471115009257884,,
99,-64.0,-1.43474e-07,-56.0,-1.228e-09,1.43474e-07,0.0003787796193038902,,
100,-64.0,-1.63455e-07,-58.0,-3.6409999999999997e-09,1.63455e-07,0.000404295683875057,,
101,-64.0,-1.8521899999999999e-07,-60.0,-5.616e-09,1.8521899999999999e-07,0.0004303707703829339,,
102,-64.0,-1.99587e-07,-62.0,-6.3139999999999995e-09,1.99587e-07,0.00044675160883873714,,
103,-64.0,-2.2122599999999997e-07,-64.0,-5.7609999999999994e-09,2.2122599999999997e-07,0.00047034668065162313,,
104,-64.0,-2.3953e-07,-66.0,-7.479e-09,2.3953e-07,0.0004894180217360207,,
105,-64.0,-2.54501e-07,-68.0,-8.479e-09,2.54501e-07,0.0005044809213439097,,
106,-64.0,-2.7466100000000003e-07,-70.0,-9.596e-09,2.7466100000000003e-07,0.0005240811005941733,,
107,-64.0,-3.12633e-07,-72.0002,-1.7231e-08,3.12633e-07,0.0005591359405368251,,
108,-64.0,-3.2380600000000003e-07,-74.0,-1.3954e-08,3.2380600000000003e-07,0.0005690395416840556,,
109,-64.0,-3.31342e-07,-76.0,-1.252e-08,3.31342e-07,0.0005756231406050317,,
110,-64.0,-3.3671500000000003e-07,-78.0,-9.903999999999999e-09,3.3671500000000003e-07,0.0005802714881846256,,
111,-64.0,-3.52789e-07,-80.0,-1.1253e-08,3.52789e-07,0.0005939604363928627,,
112,-64.0,-3.7043e-07,-82.0,-1.3431e-08,3.7043e-07,0.0006086296082183318,,
113,-64.0,-3.75753e-07,-84.0,-1.2414000000000001e-08,3.75753e-07,0.0006129869492901134,,
114,-64.0,-4.12425e-07,-86.0002,-2.6516e-08,4.12425e-07,0.0006422032388582294,,
115,-64.0,-4.21254e-07,-88.0,-1.7561e-08,4.21254e-07,0.0006490408307649064,,
116,-64.0,-4.20849e-07,-90.0,-1.5339e-08,4.20849e-07,0.0006487287568776337,,
117,-64.0,-4.3004199999999995e-07,-92.0,-1.5132e-08,4.3004199999999995e-07,0.0006557758763480096,,
118,-64.0,-4.32695e-07,-94.0,-1.3966e-08,4.32695e-07,0.0006577955609458003,,
119,-64.0,-4.4291400000000004e-07,-96.0,-1.531e-08,4.4291400000000004e-07,0.0006655178434873103,,
120,-64.0,-4.46057e-07,-98.0,-1.5523e-08,4.46057e-07,0.0006678749883024516,,
121,-64.0,-4.5285800000000004e-07,-100.0,-1.2645e-08,4.5285800000000004e-07,0.0006729472490470557,,
122,-68.0,-6.097e-09,20.0,5.793e-09,6.097e-09,7.808328886515988e-05,,
123,-68.0,-5.2790000000000005e-09,18.0,2.753e-09,5.2790000000000005e-09,7.265672714897087e-05,,
124,-68.0,-3.448e-09,16.0,1.912e-09,3.448e-09,5.871967302361279e-05,,
125,-68.0,-1.394e-09,14.0,2.3430000000000003e-09,1.394e-09,3.733630940518894e-05,,
126,-68.0,-7.06e-10,12.0,1.551e-09,7.06e-10,2.6570660511172847e-05,,
127,-68.0,-8.45e-10,10.0,2.44e-10,8.45e-10,2.9068883707497265e-05,,
128,-68.0,-8.31e-10,8.0,-1.82e-10,8.31e-10,2.882707061079915e-05,,
129,-68.0,-3.18e-10,6.0,3.38e-10,3.18e-10,1.783255450012701e-05,,
130,-68.0,1.55e-10,4.0,8.41e-10,1.55e-10,1.2449899597988733e-05,,
131,-68.0,-2.89e-10,2.0,-1.43e-10,2.89e-10,1.7e-05,,
132,-68.0,-7.08e-10,-2.2e-06,-1.114e-09,7.08e-10,2.660826939130014e-05,,
133,-68.0,-4.05e-10,-1.9999900000000002,-7.47e-10,4.05e-10,2.012461179749811e-05,,
134,-68.0,-7.62e-10,-4.0,-6.27e-10,7.62e-10,2.7604347483684522e-05,,
135,-68.0,-3.47e-10,-6.0,-1.33e-10,3.47e-10,1.862793601019716e-05,,
136,-68.0,-8.64e-10,-8.0,-1.2470000000000001e-09,8.64e-10,2.939387691339814e-05,,
137,-68.0,-3.84e-10,-10.0,-2.15e-10,3.84e-10,1.9595917942265424e-05,,
138,-68.0,-7.65e-10,-11.999989999999999,-1.2970000000000002e-09,7.65e-10,2.7658633371878662e-05,,
139,-68.0,-1.01e-10,-14.0,-1.2e-10,1.01e-10,1.004987562112089e-05,,
140,-68.0,3.46e-10,-16.0,5.74e-10,3.46e-10,1.8601075237738274e-05,,
141,-68.0,-8e-12,-18.0,4.2e-11,8e-12,2.82842712474619e-06,,
142,-68.0,-1.018e-09,-20.0,-1.603e-09,1.018e-09,3.190611226708764e-05,,
143,-68.0,-4.26e-10,-22.0,-9.14e-10,4.26e-10,2.0639767440550294e-05,,
144,-68.0,4.21e-10,-24.0,-1.22e-10,4.21e-10,2.0518284528683193e-05,,
145,-68.0,9.3e-11,-26.0,-1.014e-09,9.3e-11,9.643650760992955e-06,,
146,-68.0,2.69e-10,-28.0,-2.8760000000000004e-09,2.69e-10,1.6401219466856724e-05,,
147,-68.0,-2.425e-09,-30.0,-1.17e-09,2.425e-09,4.924428900898052e-05,,
148,-68.0,-5.557999999999999e-09,-32.0,-1.502e-09,5.557999999999999e-09,7.45519952784632e-05,,
149,-68.0,-9.189e-09,-34.0,-1.0499999999999999e-09,9.189e-09,9.585927185202275e-05,,
150,-68.0,-1.2538e-08,-36.0,-9.74e-10,1.2538e-08,0.00011197321108193692,,
151,-68.0,-1.7303e-08,-38.0,-1.308e-09,1.7303e-08,0.00013154086817411537,,
152,-68.0,-2.1671e-08,-40.0,2.22e-10,2.1671e-08,0.00014721073330433484,,
153,-68.0,-3.787e-08,-42.0001,-5.39e-10,3.787e-08,0.00019460215826141292,,
154,-68.0,-3.9645e-08,-44.0,-7.11e-10,3.9645e-08,0.0001991105220725414,,
155,-68.0,-4.7068e-08,-46.0,-2.34e-10,4.7068e-08,0.00021695160750729643,,
156,-68.0,-5.7705e-08,-48.0,-1.043e-09,5.7705e-08,0.00024021865040000536,,
157,-68.0,-6.7813e-08,-50.0,-1.939e-09,6.7813e-08,0.00026040929322894755,,
158,-68.0,-8.137100000000001e-08,-52.0,-1.7449999999999999e-09,8.137100000000001e-08,0.0002852560253526646,,
159,-68.0,-9.8658e-08,-54.0,1.97e-10,9.8658e-08,0.00031409871059907265,,
160,-68.0,-1.0885699999999999e-07,-56.0,-9.35e-10,1.0885699999999999e-07,0.0003299348420521846,,
161,-68.0,-1.2749e-07,-58.0,-1.578e-09,1.2749e-07,0.0003570574183517267,,
162,-68.0,-1.49981e-07,-60.0,-3.0130000000000002e-09,1.49981e-07,0.0003872738049494182,,
163,-68.0,-1.68701e-07,-62.0,-2.7279999999999997e-09,1.68701e-07,0.00041073227289805216,,
164,-68.0,-1.84973e-07,-64.0,-2.377e-09,1.84973e-07,0.00043008487534439057,,
165,-68.0,-2.04284e-07,-66.0,-4.094e-09,2.04284e-07,0.0004519778755647228,,
166,-68.0,-2.24391e-07,-68.0,-6.928e-09,2.24391e-07,0.00047369927169038374,,
167,-68.0,-2.4223800000000003e-07,-70.0,-8.062e-09,2.4223800000000003e-07,0.000492176797502686,,
168,-68.0,-2.57265e-07,-72.0,-7.658e-09,2.57265e-07,0.0005072129730202097,,
169,-68.0,-2.7276399999999997e-07,-74.0,-8.603e-09,2.7276399999999997e-07,0.0005222681303698321,,
170,-68.0,-2.95961e-07,-76.0,-1.0659000000000001e-08,2.95961e-07,0.0005440229774559159,,
171,-68.0,-3.15899e-07,-78.0,-1.1918e-08,3.15899e-07,0.0005620489302542973,,
172,-68.0,-3.2657499999999997e-07,-80.0,-1.107e-08,3.2657499999999997e-07,0.0005714674093944465,,
173,-68.0,-3.39303e-07,-82.0,-1.0124e-08,3.39303e-07,0.000582497210293749,,
174,-68.0,-3.58405e-07,-84.0,-1.1171999999999999e-08,3.58405e-07,0.0005986693578261711,,
175,-68.0,-3.6878300000000003e-07,-86.0,-1.1052e-08,3.6878300000000003e-07,0.000607275061236669,,
176,-68.0,-3.8003900000000003e-07,-88.0,-1.214e-08,3.8003900000000003e-07,0.0006164730326624191,,
177,-68.0,-3.91693e-07,-90.0,-1.2529e-08,3.91693e-07,0.000625853816797501,,
178,-68.0,-4.06185e-07,-92.0,-1.1628e-08,4.06185e-07,0.0006373264469641912,,
179,-68.0,-4.1274299999999995e-07,-94.0,-1.1235999999999999e-08,4.1274299999999995e-07,0.0006424507763245368,,
180,-68.0,-4.45649e-07,-96.0,-2.7143999999999998e-08,4.45649e-07,0.0006675694720401765,,
181,-68.0,-4.48218e-07,-98.0,-1.7638e-08,4.48218e-07,0.00066949085131912,,
182,-68.0,-4.5731e-07,-100.0,-1.6962e-08,4.5731e-07,0.0006762469962964716,,
183,-72.0,-7.015e-09,20.0,5.843000000000001e-09,7.015e-09,8.375559682791353e-05,,
184,-72.0,-4.41e-09,18.0,3.125e-09,4.41e-09,6.640783086353596e-05,,
185,-72.0,-3.891e-09,16.0,2.45e-09,3.891e-09,6.237788069500278e-05,,
186,-72.0,-2.884e-09,14.0,1.2800000000000001e-09,2.884e-09,5.370288632839021e-05,,
187,-72.0,-1.3750000000000001e-09,12.0,5e-10,1.3750000000000001e-09,3.708099243547832e-05,,
188,-72.0,-1.454e-09,10.0,-3.1e-10,1.454e-09,3.8131351929875234e-05,,
189,-72.0,-4.78e-10,8.0,4.23e-10,4.78e-10,2.1863211109075446e-05,,
190,-72.0,4e-11,6.0,8.34e-10,4e-11,6.324555320336758e-06,,
191,-72.0,-1.35e-10,4.00001,-5.3e-11,1.35e-10,1.1618950038622251e-05,,
192,-72.0,-6.86e-10,2.0,-8.38e-10,6.86e-10,2.619160170741759e-05,,
193,-72.0,-2.11e-10,3e-07,-3.7e-10,2.11e-10,1.452583904633395e-05,,
194,-72.0,-9.06e-10,-2.0,-8.22e-10,9.06e-10,3.0099833886584822e-05,,
195,-72.0,-3.17e-10,-4.0,3.2e-11,3.17e-10,1.7804493814764854e-05,,
196,-72.0,5.3e-11,-6.0,5.64e-10,5.3e-11,7.280109889280518e-06,,
197,-72.0,-6.8e-11,-8.0,4.69e-10,6.8e-11,8.246211251235321e-06,,
198,-72.0,4.85e-10,-10.0,6.82e-10,4.85e-10,2.202271554554524e-05,,
199,-72.0,-1.06e-10,-12.0,2.25e-10,1.06e-10,1.0295630140987e-05,,
200,-72.0,-1.095e-09,-14.0,-1.08e-09,1.095e-09,3.3090784215548595e-05,,
201,-72.0,-7.74e-10,-16.0,-7.25e-10,7.74e-10,2.7820855486487112e-05,,
202,-72.0,-9.6e-11,-18.0,1.31e-10,9.6e-11,9.797958971132712e-06,,
203,-72.0,7.9e-11,-20.0,1.99e-10,7.9e-11,8.888194417315589e-06,,
204,-72.0,-1.031e-09,-22.0,-1.4449999999999999e-09,1.031e-09,3.210918871600464e-05,,
205,-72.0,-1.008e-09,-24.0,-1.494e-09,1.008e-09,3.1749015732775085e-05,,
206,-72.0,-4.34e-10,-26.0,-9.96e-10,4.34e-10,2.083266665599966e-05,,
207,-72.0,-8.44e-10,-28.0,-3.1430000000000004e-09,8.44e-10,2.90516780926679e-05,,
208,-72.0,-5.3e-10,-30.0,-2.025e-09,5.3e-10,2.3021728866442677e-05,,
209,-72.0,-1.023e-09,-32.0,-8.6e-11,1.023e-09,3.1984371183438956e-05,,
210,-72.0,-4.563e-09,-34.0,-3.04e-09,4.563e-09,6.754998149518622e-05,,
211,-72.0,-6.372e-09,-36.0,3.64e-10,6.372e-09,7.982480817390043e-05,,
212,-72.0,-1.3558e-08,-38.0,-2.063e-09,1.3558e-08,0.00011643882514007087,,
213,-72.0,-1.4371e-08,-40.0,4.8e-10,1.4371e-08,0.0001198791057691039,,
214,-72.0,-2.0126e-08,-42.0,-3.92e-10,2.0126e-08,0.00014186613408421336,,
215,-72.0,-2.5587e-08,-44.0,-1.4060000000000001e-09,2.5587e-08,0.00015995936984121935,,
216,-72.0,-3.2737e-08,-46.0,-1.127e-09,3.2737e-08,0.00018093368951082602,,
217,-72.0,-4.1925999999999994e-08,-48.0,-1.73e-10,4.1925999999999994e-08,0.00020475839421132407,,
218,-72.0,-5.2147e-08,-50.0,-4.33e-10,5.2147e-08,0.00022835717637070222,,
219,-72.0,-6.409600000000001e-08,-52.0,-7.07e-10,6.409600000000001e-08,0.00025317187837514655,,
220,-72.0,-9.098000000000001e-08,-54.0001,1.499e-09,9.098000000000001e-08,0.0003016289110811495,,
221,-72.0,-1.0311500000000001e-07,-56.0,-1.196e-09,1.0311500000000001e-07,0.00032111524411027265,,
222,-72.0,-1.37426e-07,-58.0,-2.5259999999999998e-09,1.37426e-07,0.0003707101293463668,,
223,-72.0,-1.4719900000000002e-07,-60.0,-2.1349999999999998e-09,1.4719900000000002e-07,0.0003836652186477164,,
224,-72.0,-1.56498e-07,-62.0,-2.888e-09,1.56498e-07,0.00039559828108827775,,
225,-72.0,-1.72516e-07,-64.0,-3.4350000000000002e-09,1.72516e-07,0.0004153504544357692,,
226,-72.0,-2.1442e-07,-66.0,-7.442999999999999e-09,2.1442e-07,0.00046305507231861743,,
227,-72.0,-2.25936e-07,-68.0,-5.534e-09,2.25936e-07,0.00047532725568812063,,
228,-72.0,-2.33871e-07,-70.0,-5.439000000000001e-09,2.33871e-07,0.00048360210917654196,,
229,-72.0,-2.5460799999999997e-07,-72.0,-6.132e-09,2.5460799999999997e-07,0.000504586959799795,,
230,-72.0,-2.76955e-07,-74.0,-7.795999999999999e-09,2.76955e-07,0.0005262651422999627,,
231,-72.0,-2.92631e-07,-76.0,-9.933e-09,2.92631e-07,0.0005409537873053484,,
232,-72.0,-3.07929e-07,-78.0,-9.994e-09,3.07929e-07,0.0005549135067738035,,
233,-72.0,-3.2428e-07,-80.0,-9.673e-09,3.2428e-07,0.0005694558806439705,,
234,-72.0,-3.45629e-07,-82.0,-1.135e-08,3.45629e-07,0.000587902202751444,,
235,-72.0,-3.87173e-07,-84.0,-2.0195e-08,3.87173e-07,0.0006222322717442418,,
236,-72.0,-3.9916e-07,-86.0,-1.5022999999999998e-08,3.9916e-07,0.0006317911047173741,,
237,-72.0,-3.9987e-07,-88.0,-1.2088e-08,3.9987e-07,0.0006323527496579737,,
238,-72.0,-4.17254e-07,-90.0,-1.3347e-08,4.17254e-07,0.0006459520106014069,,
239,-72.0,-4.3115000000000005e-07,-92.0,-1.2176000000000001e-08,4.3115000000000005e-07,0.0006566201337150728,,
240,-72.0,-4.4138599999999995e-07,-94.0,-1.0390999999999999e-08,4.4138599999999995e-07,0.0006643688734430594,,
241,-72.0,-4.4068300000000003e-07,-96.0,-1.0935e-08,4.4068300000000003e-07,0.0006638395890574771,,
242,-72.0,-4.58251e-07,-98.0,-1.3264e-08,4.58251e-07,0.000676942390458745,,
243,-72.0,-4.69146e-07,-100.0,-1.4201999999999999e-08,4.69146e-07,0.0006849423333390921,,
244,-76.0,-7.645e-09,20.0,6.631e-09,7.645e-09,8.743569065318807e-05,,
245,-76.0,-6.669000000000001e-09,18.0,3.2440000000000004e-09,6.669000000000001e-09,8.16639455328972e-05,,
246,-76.0,-3.96e-09,15.9999,4.022e-09,3.96e-09,6.292853089020909e-05,,
247,-76.0,-3.3500000000000002e-09,14.0,1.324e-09,3.3500000000000002e-09,5.787918451395113e-05,,
248,-76.0,-2.199e-09,12.0,7.61e-10,2.199e-09,4.6893496350773416e-05,,
249,-76.0,-4.85e-10,10.0,1.6209999999999999e-09,4.85e-10,2.202271554554524e-05,,
250,-76.0,-3.14e-10,8.0,7.5e-10,3.14e-10,1.772004514666935e-05,,
251,-76.0,-1.236e-09,6.0,-8.08e-10,1.236e-09,3.5156791662493895e-05,,
252,-76.0,4e-11,4.0,2.41e-10,4e-11,6.324555320336758e-06,,
253,-76.0,1.21e-10,2.0,2.95e-10,1.21e-10,1.1e-05,,
254,-76.0,-7.15e-10,-3.6e-06,-1.235e-09,7.15e-10,2.6739483914241875e-05,,
255,-76.0,-9.62e-10,-2.0,-1.667e-09,9.62e-10,3.101612483854165e-05,,
256,-76.0,-6.22e-10,-4.0,-6.38e-10,6.22e-10,2.4939927826679852e-05,,
257,-76.0,6.43e-10,-6.0,1.132e-09,6.43e-10,2.535744466621193e-05,,
258,-76.0,1.51e-10,-8.0,4.54e-10,1.51e-10,1.2288205727444508e-05,,
259,-76.0,-6.12e-10,-10.0,-6.64e-10,6.12e-10,2.4738633753705964e-05,,
260,-76.0,9.5e-11,-12.0,-2.11e-10,9.5e-11,9.746794344808964e-06,,
261,-76.0,-1.117e-09,-14.0,-1.3189999999999999e-09,1.117e-09,3.342154993413681e-05,,
262,-76.0,-8.55e-10,-16.0,-8.96e-10,8.55e-10,2.9240383034426894e-05,,
263,-76.0,-2.8e-10,-18.0,-2.75e-10,2.8e-10,1.673320053068151e-05,,
264,-76.0,-7.6e-10,-20.0,-1.378e-09,7.6e-10,2.7568097504180444e-05,,
265,-76.0,-2.01e-10,-22.0,-4.05e-10,2.01e-10,1.4177446878757826e-05,,
266,-76.0,-6.92e-10,-24.0,-2.019e-09,6.92e-10,2.630589287593181e-05,,
267,-76.0,-5.47e-10,-26.0,-2.631e-09,5.47e-10,2.3388031127053e-05,,
268,-76.0,-1.037e-09,-28.0,-2.325e-09,1.037e-09,3.2202484376209235e-05,,
269,-76.0,-4.56e-10,-30.0,-1.752e-09,4.56e-10,2.135415650406262e-05,,
270,-76.0,-6.38e-10,-32.0,-8.29e-10,6.38e-10,2.5258661880630176e-05,,
271,-76.0,-2.706e-09,-34.0,-1.3519999999999999e-09,2.706e-09,5.201922721455981e-05,,
272,-76.0,-5.2680000000000004e-09,-36.0,-1.79e-09,5.2680000000000004e-09,7.258098924649623e-05,,
273,-76.0,-7.238e-09,-38.0,-1.217e-09,7.238e-09,8.507643622061281e-05,,
274,-76.0,-9.305e-09,-40.0,6.38e-10,9.305e-09,9.646242791885345e-05,,
275,-76.0,-1.3468e-08,-42.0,-5.29e-10,1.3468e-08,0.00011605171261123207,,
276,-76.0,-2.0127000000000002e-08,-44.0,-9.45e-10,2.0127000000000002e-08,0.00014186965848975603,,
277,-76.0,-2.727e-08,-46.0,-1.363e-09,2.727e-08,0.00016513630733427462,,
278,-76.0,-3.5697e-08,-48.0,-2.8e-10,3.5697e-08,0.00018893649726826206,,
279,-76.0,-4.2328e-08,-50.0,5.02e-10,4.2328e-08,0.00020573769708053018,,
280,-76.0,-5.6155e-08,-52.0,-5.75e-10,5.6155e-08,0.00023697046229435433,,
281,-76.0,-7.219e-08,-54.0,-2.1349999999999998e-09,7.219e-08,0.00026868196813333045,,
282,-76.0,-8.4385e-08,-56.0,-1.519e-09,8.4385e-08,0.0002904909637148805,,
283,-76.0,-1.17352e-07,-58.0,-4.091e-09,1.17352e-07,0.00034256678181049605,,
284,-76.0,-1.26434e-07,-60.0,-2.098e-09,1.26434e-07,0.00035557558971335476,,
285,-76.0,-1.4312e-07,-62.0,-1.757e-09,1.4312e-07,0.00037831204051681994,,
286,-76.0,-1.63226e-07,-64.0,-1.65e-09,1.63226e-07,0.0004040123760480612,,
287,-76.0,-1.77623e-07,-66.0,-1.801e-09,1.77623e-07,0.00042145343752305546,,
288,-76.0,-2.0139e-07,-68.0,-3.982e-09,2.0139e-07,0.000448764971895089,,
289,-76.0,-2.2208500000000002e-07,-70.0,-4.377e-09,2.2208500000000002e-07,0.00047125895216961134,,
290,-76.0,-2.46873e-07,-72.0,-3.9e-09,2.46873e-07,0.0004968631602362968,,
291,-76.0,-2.64717e-07,-74.0,-5.431e-09,2.64717e-07,0.0005145065597249465,,
292,-76.0,-2.8002099999999996e-07,-76.0,-6.936e-09,2.8002099999999996e-07,0.0005291701049757062,,
293,-76.0,-3.03765e-07,-78.0,-9.577e-09,3.03765e-07,0.0005511488002345646,,
294,-76.0,-3.25748e-07,-80.0,-1.0294000000000001e-08,3.25748e-07,0.0005707433749067964,,
295,-76.0,-3.7404400000000004e-07,-82.0,-1.9707e-08,3.7404400000000004e-07,0.0006115913668455434,,
296,-76.0,-3.7967100000000004e-07,-84.0,-1.4596e-08,3.7967100000000004e-07,0.0006161744882742225,,
297,-76.0,-3.8989199999999996e-07,-86.0,-1.2281e-08,3.8989199999999996e-07,0.0006244133246496266,,
298,-76.0,-4.1102899999999997e-07,-88.0,-1.3224e-08,4.1102899999999997e-07,0.0006411154342238221,,
299,-76.0,-4.16083e-07,-90.0,-1.1973e-08,4.16083e-07,0.0006450449596733549,,
300,-76.0,-4.34641e-07,-92.0,-1.2099999999999999e-08,4.34641e-07,0.0006592730845408449,,
301,-76.0,-4.47815e-07,-94.0,-1.1966000000000001e-08,4.47815e-07,0.0006691898086492352,,
302,-76.0,-4.5979399999999997e-07,-96.0,-1.2355e-08,4.5979399999999997e-07,0.000678081116091578,,
303,-76.0,-4.6963900000000004e-07,-98.0,-1.1035e-08,4.6963900000000004e-07,0.0006853021231544523,,
304,-76.0,-4.83772e-07,-100.0,-1.3534999999999998e-08,4.83772e-07,0.0006955372024557709,,
305,-80.0,-8.719e-09,20.0,5.438e-09,8.719e-09,9.337558567420073e-05,,
306,-80.0,-6.2770000000000006e-09,18.0,3.943e-09,6.2770000000000006e-09,7.922752047110903e-05,,
307,-80.0,-3.755e-09,16.0,3.844e-09,3.755e-09,6.127805479941413e-05,,
308,-80.0,-2.755e-09,14.0,2.303e-09,2.755e-09,5.248809388804284e-05,,
309,-80.0,-2.141e-09,12.0,9.2e-10,2.141e-09,4.6270941205037095e-05,,
310,-80.0,-1.534e-09,10.0,7e-12,1.534e-09,3.916631205513228e-05,,
311,-80.0,2.43e-10,8.0,1.4130000000000002e-09,2.43e-10,1.5588457268119894e-05,,
312,-80.0,4.68e-10,6.0,1.291e-09,4.68e-10,2.1633307652783936e-05,,
313,-80.0,-2.3e-11,4.0,3.57e-10,2.3e-11,4.7958315233127195e-06,,
314,-80.0,7.66e-10,2.0,5.98e-10,7.66e-10,2.7676705006196096e-05,,
315,-80.0,-3.1e-10,-3.9e-06,-9.61e-10,3.1e-10,1.760681686165901e-05,,
316,-80.0,4.84e-10,-2.0,6.83e-10,4.84e-10,2.2e-05,,
317,-80.0,7.5e-11,-4.0,2.2e-10,7.5e-11,8.660254037844387e-06,,
318,-80.0,-6.41e-10,-6.0,-5.96e-10,6.41e-10,2.5317977802344323e-05,,
319,-80.0,-5.8e-10,-8.0,-6.73e-10,5.8e-10,2.408318915758459e-05,,
320,-80.0,7.67e-10,-10.0,1.0829999999999999e-09,7.67e-10,2.7694764848252457e-05,,
321,-80.0,6.25e-10,-12.0,9.34e-10,6.25e-10,2.5e-05,,
322,-80.0,-1.89e-10,-14.0,-1.59e-10,1.89e-10,1.374772708486752e-05,,
323,-80.0,-6.57e-10,-16.0,-8.34e-10,6.57e-10,2.5632011235952592e-05,,
324,-80.0,-4.76e-10,-18.0,-6.36e-10,4.76e-10,2.181742422927143e-05,,
325,-80.0,-1.276e-09,-20.00008,7.12e-10,1.276e-09,3.5721142198983504e-05,,
326,-80.0,-4.62e-10,-22.0,-9.6e-10,4.62e-10,2.1494185260204676e-05,,
327,-80.0,-9.31e-10,-24.0,-2.488e-09,9.31e-10,3.0512292604784713e-05,,
328,-80.0,-3.12e-10,-26.0,-1.119e-09,3.12e-10,1.7663521732655695e-05,,
329,-80.0,-1.4e-11,-28.0,-8.4e-10,1.4e-11,3.7416573867739415e-06,,
330,-80.0,1e-10,-30.0,-1.038e-09,1e-10,1e-05,,
331,-80.0,-1.402e-09,-32.0,-2.195e-09,1.402e-09,3.744329045369811e-05,,
332,-80.0,-2.8110000000000003e-09,-34.0,-1.8679999999999998e-09,2.8110000000000003e-09,5.301886456724625e-05,,
333,-80.0,-4.442e-09,-36.0,-1.097e-09,4.442e-09,6.664833081180654e-05,,
334,-80.0,-6.1709999999999995e-09,-38.0,3.22e-10,6.1709999999999995e-09,7.855571271397135e-05,,
335,-80.0,-1.0254e-08,-40.0,-6.22e-10,1.0254e-08,0.00010126203632161463,,
336,-80.0,-1.526e-08,-42.0,-2.026e-09,1.526e-08,0.00012353137253345807,,
337,-80.0,-1.9335e-08,-44.0,-1.29e-09,1.9335e-08,0.00013905035059286978,,
338,-80.0,-2.6251e-08,-46.0,-5.92e-10,2.6251e-08,0.0001620216034978052,,
339,-80.0,-3.483e-08,-48.0,-3.77e-10,3.483e-08,0.0001866279721799495,,
340,-80.0,-4.5752e-08,-50.0,-6.37e-10,4.5752e-08,0.00021389717155680202,,
341,-80.0,-5.8402e-08,-52.0,-2.054e-09,5.8402e-08,0.00024166505746590672,,
342,-80.0,-7.4169e-08,-54.0,-1.36e-09,7.4169e-08,0.00027233986120287276,,
343,-80.0,-8.9354e-08,-56.0,-2.12e-10,8.9354e-08,0.0002989213943497521,,
344,-80.0,-1.04332e-07,-58.0,-6.64e-10,1.04332e-07,0.0003230046439294643,,
345,-80.0,-1.24052e-07,-60.0,-1.741e-09,1.24052e-07,0.0003522101645324848,,
346,-80.0,-1.4280099999999998e-07,-62.0,-2.153e-09,1.4280099999999998e-07,0.0003778901956918173,,
347,-80.0,-1.85617e-07,-64.0,-5.5730000000000005e-09,1.85617e-07,0.00043083291424866784,,
348,-80.0,-2.26734e-07,-66.0,-5.8689999999999995e-09,2.26734e-07,0.0004761659374629815,,
349,-80.0,-2.31471e-07,-68.0,-4.611e-09,2.31471e-07,0.00048111433152630157,,
350,-80.0,-2.38825e-07,-70.0,-4.479e-09,2.38825e-07,0.0004886972477925367,,
351,-80.0,-2.84777e-07,-72.0,-7.463e-09,2.84777e-07,0.0005336450130939106,,
352,-80.0,-2.99045e-07,-74.0,-7.227e-09,2.99045e-07,0.0005468500708603776,,
353,-80.0,-3.47349e-07,-76.0,-1.2771999999999998e-08,3.47349e-07,0.000589363215682825,,
354,-80.0,-3.52104e-07,-78.0,-1.0086e-08,3.52104e-07,0.0005933835184768785,,
355,-80.0,-3.56924e-07,-80.0,-1.0551999999999999e-08,3.56924e-07,0.000597431167583346,,
356,-80.0,-3.72635e-07,-82.0,-1.0469e-08,3.72635e-07,0.0006104383670772996,,
357,-80.0,-3.91363e-07,-84.0,-1.1391e-08,3.91363e-07,0.0006255901214053815,,
358,-80.0,-4.13897e-07,-86.0,-1.3346000000000001e-08,4.13897e-07,0.0006433482727108234,,
359,-80.0,-4.23298e-07,-88.0,-1.3813e-08,4.23298e-07,0.0006506135565756373,,
360,-80.0,-4.3894799999999994e-07,-90.0,-1.3031999999999999e-08,4.3894799999999994e-07,0.0006625315086846813,,
361,-80.0,-4.56717e-07,-92.0,-1.2384e-08,4.56717e-07,0.0006758084048012425,,
362,-80.0,-4.69092e-07,-94.0,-1.0569e-08,4.69092e-07,0.0006849029128277964,,
363,-80.0,-4.8473e-07,-96.0,-1.1634e-08,4.8473e-07,0.0006962255381699237,,
364,-80.0,-4.91907e-07,-98.0,-1.2646999999999999e-08,4.91907e-07,0.0007013608201204284,,
365,-80.0,-5.072370000000001e-07,-100.0,-1.1887000000000001e-08,5.072370000000001e-07,0.0007122057287048455,,
366,-84.0,-7.509e-09,20.0,5.571000000000001e-09,7.509e-09,8.665448632355973e-05,,
367,-84.0,-5.282e-09,18.0,4.213e-09,5.282e-09,7.267736924242649e-05,,
368,-84.0,-4.377e-09,16.0,2.049e-09,4.377e-09,6.615889962809237e-05,,
369,-84.0,-3.467e-09,14.0,7.42e-10,3.467e-09,5.888123640006212e-05,,
370,-84.0,-1.771e-09,12.0,6.95e-10,1.771e-09,4.208325082500163e-05,,
371,-84.0,-4.54e-10,10.0,1.051e-09,4.54e-10,2.1307275752662516e-05,,
372,-84.0,-6.93e-10,8.0,-8.8e-11,6.93e-10,2.6324893162176367e-05,,
373,-84.0,-1.109e-09,6.0,-1.177e-09,1.109e-09,3.330165161069343e-05,,
374,-84.0,-5.37e-10,4.0,-5.21e-10,5.37e-10,2.3173260452512937e-05,,
375,-84.0,-1.016e-09,2.0,-1.666e-09,1.016e-09,3.187475490101845e-05,,
376,-84.0,7.9e-11,-4.6e-06,-6.54e-10,7.9e-11,8.888194417315589e-06,,
377,-84.0,-8.19e-10,-2.0,-1.327e-09,8.19e-10,2.861817604250837e-05,,
378,-84.0,-5.09e-10,-4.0,-8.33e-10,5.09e-10,2.2561028345356955e-05,,
379,-84.0,-1.9e-11,-6.0,-1.33e-10,1.9e-11,4.358898943540674e-06,,
380,-84.0,2.94e-10,-8.0,1.76e-10,2.94e-10,1.7146428199482248e-05,,
381,-84.0,-8.31e-10,-10.0,-1.269e-09,8.31e-10,2.882707061079915e-05,,
382,-84.0,-7.09e-10,-12.0,-1.0499999999999999e-09,7.09e-10,2.6627053911388697e-05,,
383,-84.0,-1.49e-10,-14.0,-3.71e-10,1.49e-10,1.2206555615733702e-05,,
384,-84.0,2.44e-10,-16.0,8e-11,2.44e-10,1.562049935181331e-05,,
385,-84.0,-5.95e-10,-18.0,-1.067e-09,5.95e-10,2.4392621835300936e-05,,
386,-84.0,-7.16e-10,-20.0,-1.2379999999999999e-09,7.16e-10,2.6758176320519305e-05,,
387,-84.0,-2.25e-10,-22.0,-6.41e-10,2.25e-10,1.5e-05,,
388,-84.0,1.89e-10,-24.0,-2.32e-10,1.89e-10,1.374772708486752e-05,,
389,-84.0,-7.8e-11,-26.0,-8.08e-10,7.8e-11,8.831760866327847e-06,,
390,-84.0,-1.031e-09,-28.0,-2.2350000000000002e-09,1.031e-09,3.210918871600464e-05,,
391,-84.0,-5.21e-10,-30.0,-1.938e-09,5.21e-10,2.2825424421026653e-05,,
392,-84.0,1.58e-10,-32.0,-7.85e-10,1.58e-10,1.2569805089976535e-05,,
393,-84.0,-1.641e-09,-34.0,-3.905e-09,1.641e-09,4.0509258201058185e-05,,
394,-84.0,-4e-09,-36.0,-6.75e-10,4e-09,6.324555320336759e-05,,
395,-84.0,-6.653e-09,-38.0,-4.27e-10,6.653e-09,8.156592425762121e-05,,
396,-84.0,-1.1248000000000001e-08,-40.0,-1.587e-09,1.1248000000000001e-08,0.00010605658866850282,,
397,-84.0,-1.5412e-08,-42.0,-1.661e-09,1.5412e-08,0.00012414507642270796,,
398,-84.0,-2.1117e-08,-44.0,-8.78e-10,2.1117e-08,0.00014531689509482372,,
399,-84.0,-2.5535e-08,-46.0,2.52e-10,2.5535e-08,0.00015979674589928293,,
400,-84.0,-3.4164e-08,-48.0,-1.132e-09,3.4164e-08,0.00018483506160899235,,
401,-84.0,-4.6185e-08,-50.0,-2.182e-09,4.6185e-08,0.0002149069566114601,,
402,-84.0,-5.6422e-08,-52.0,-1.869e-09,5.6422e-08,0.0002375331555804368,,
403,-84.0,-7.283e-08,-54.0,-4.64e-10,7.283e-08,0.0002698703392371974,,
404,-84.0,-9.2219e-08,-56.0,-8.36e-10,9.2219e-08,0.00030367581398590173,,
405,-84.0,-1.11608e-07,-58.0,-2.4e-09,1.11608e-07,0.0003340778352420286,,
406,-84.0,-1.46494e-07,-60.0,-3.0930000000000004e-09,1.46494e-07,0.00038274534615067495,,
407,-84.0,-1.5424400000000001e-07,-62.0,-1.334e-09,1.5424400000000001e-07,0.0003927390991485314,,
408,-84.0,-1.7596699999999998e-07,-64.0,-2.686e-09,1.7596699999999998e-07,0.00041948420709247205,,
409,-84.0,-1.96797e-07,-66.0,-2.616e-09,1.96797e-07,0.0004436180789823607,,
410,-84.0,-2.1126799999999998e-07,-68.0,-1.9839999999999998e-09,2.1126799999999998e-07,0.0004596389887727106,,
411,-84.0,-2.40442e-07,-70.0,-2.407e-09,2.40442e-07,0.0004903488554080656,,
412,-84.0,-2.6300999999999997e-07,-72.0,-4.6750000000000005e-09,2.6300999999999997e-07,0.0005128450058253468,,
413,-84.0,-2.8931e-07,-74.0,-5.549e-09,2.8931e-07,0.000537875450267067,,
414,-84.0,-3.12171e-07,-76.0,-5.636e-09,3.12171e-07,0.0005587226503373566,,
415,-84.0,-3.3405700000000004e-07,-78.0,-5.919999999999999e-09,3.3405700000000004e-07,0.0005779766431266924,,
416,-84.0,-3.5409399999999997e-07,-80.0,-8.224e-09,3.5409399999999997e-07,0.0005950579803682999,,
417,-84.0,-3.7863999999999995e-07,-82.0,-1.0634999999999999e-08,3.7863999999999995e-07,0.0006153373058737784,,
418,-84.0,-3.87707e-07,-84.0,-1.0921e-08,3.87707e-07,0.0006226612241018386,,
419,-84.0,-4.11426e-07,-86.0,-1.1875e-08,4.11426e-07,0.0006414249761273722,,
420,-84.0,-4.31391e-07,-88.0,-1.1921999999999999e-08,4.31391e-07,0.000656803623619724,,
421,-84.0,-4.543e-07,-90.0,-1.3231e-08,4.543e-07,0.0006740178039191546,,
422,-84.0,-4.60747e-07,-92.0,-1.3241000000000001e-08,4.60747e-07,0.0006787834706296257,,
423,-84.0,-4.77609e-07,-94.0,-1.3466e-08,4.77609e-07,0.0006910926131858161,,
424,-84.0,-4.99309e-07,-96.0,-1.2513000000000001e-08,4.99309e-07,0.000706618001468969,,
425,-84.0,-5.07247e-07,-98.0,-1.1706e-08,5.07247e-07,0.0007122127491136339,,
426,-84.0,-5.16918e-07,-100.0,-1.1509e-08,5.16918e-07,0.0007189700967356014,,
427,-88.0,-9.02e-09,20.0,5.296e-09,9.02e-09,9.497368056467013e-05,,
428,-88.0,-6.051e-09,18.0,2.589e-09,6.051e-09,7.778817390837762e-05,,
429,-88.0,-5.332e-09,16.0,2.266e-09,5.332e-09,7.302054505411473e-05,,
430,-88.0,-3.1780000000000004e-09,14.0,2.1190000000000002e-09,3.1780000000000004e-09,5.6373752757821615e-05,,
431,-88.0,-1.374e-09,12.0,2.333e-09,1.374e-09,3.706750598570128e-05,,
432,-88.0,-9.65e-10,10.0,8.26e-10,9.65e-10,3.106444913401814e-05,,
433,-88.0,-1.3880000000000002e-09,8.0,-7.29e-10,1.3880000000000002e-09,3.725587202039432e-05,,
434,-88.0,-5.84e-10,6.0,-2.55e-10,5.84e-10,2.4166091947189146e-05,,
435,-88.0,1.97e-10,4.0,6.3e-10,1.97e-10,1.4035668847618199e-05,,
436,-88.0,-5.36e-10,2.0,-1.206e-09,5.36e-10,2.3151673805580453e-05,,
437,-88.0,-7.18e-10,-1.8e-06,-1.3969999999999998e-09,7.18e-10,2.6795522013948523e-05,,
438,-88.0,-4.12e-10,-2.0,-7.7e-10,4.12e-10,2.029778313018444e-05,,
439,-88.0,-9.57e-10,-4.0,-2.0769999999999998e-09,9.57e-10,3.093541659651604e-05,,
440,-88.0,-3.63e-10,-6.0,-7.09e-10,3.63e-10,1.905255888325765e-05,,
441,-88.0,5.63e-10,-8.0,6.12e-10,5.63e-10,2.3727621035409345e-05,,
442,-88.0,-4.8e-10,-10.0,-1.4549999999999998e-09,4.8e-10,2.1908902300206645e-05,,
443,-88.0,-8.99e-10,-11.999989999999999,-2.073e-09,8.99e-10,2.99833287011299e-05,,
444,-88.0,1.75e-10,-13.999989999999999,-8.07e-10,1.75e-10,1.3228756555322953e-05,,
445,-88.0,-9.86e-10,-16.0,-1.691e-09,9.86e-10,3.140063693621516e-05,,
446,-88.0,-3.63e-10,-18.0,-7.54e-10,3.63e-10,1.905255888325765e-05,,
447,-88.0,6.26e-10,-20.0,5.56e-10,6.26e-10,2.5019992006393607e-05,,
448,-88.0,1.5e-10,-22.0,-5.9e-11,1.5e-10,1.224744871391589e-05,,
449,-88.0,6.55e-10,-24.0,-3.22e-10,6.55e-10,2.5592967784139457e-05,,
450,-88.0,1.11e-10,-26.0,-5.95e-10,1.11e-10,1.0535653752852739e-05,,
451,-88.0,-9.87e-10,-28.0,-2.134e-09,9.87e-10,3.141655614481002e-05,,
452,-88.0,-6.59e-10,-30.0,-1.759e-09,6.59e-10,2.5670995305986873e-05,,
453,-88.0,-2.71e-10,-32.0,-1.245e-09,2.71e-10,1.646207763315433e-05,,
454,-88.0,-5.78e-10,-34.0,-1.273e-09,5.78e-10,2.4041630560342614e-05,,
455,-88.0,-3.031e-09,-36.0,-2.279e-09,3.031e-09,5.505451843400322e-05,,
456,-88.0,-5.323e-09,-38.0,-1.895e-09,5.323e-09,7.295889253545451e-05,,
457,-88.0,-7.571e-09,-40.0,-1.24e-09,7.571e-09,8.701149349367588e-05,,
458,-88.0,-1.0134000000000002e-08,-42.0,-2.86e-10,1.0134000000000002e-08,0.00010066777041337511,,
459,-88.0,-1.5457e-08,-44.0,-1.123e-09,1.5457e-08,0.00012432618388738553,,
460,-88.0,-2.2003e-08,-46.0,-2.215e-09,2.2003e-08,0.00014833408239511243,,
461,-88.0,-2.9708999999999998e-08,-48.0,-1.65e-09,2.9708999999999998e-08,0.0001723629890666787,,
462,-88.0,-4.8265e-08,-50.0,-3.688e-09,4.8265e-08,0.00021969296757065303,,
463,-88.0,-5.7752999999999994e-08,-52.0,-1.7399999999999998e-09,5.7752999999999994e-08,0.0002403185386107364,,
464,-88.0,-8.8517e-08,-54.0,-4.201e-09,8.8517e-08,0.0002975180666783111,,
465,-88.0,-1.15036e-07,-56.0,-4.11e-09,1.15036e-07,0.0003391695741071124,,
466,-88.0,-1.18096e-07,-58.0,-2.857e-09,1.18096e-07,0.0003436509857398928,,
467,-88.0,-1.57369e-07,-60.0,-3.835e-09,1.57369e-07,0.00039669761784008736,,
468,-88.0,-1.60737e-07,-62.0,-2.162e-09,1.60737e-07,0.0004009201915593676,,
469,-88.0,-1.8220900000000001e-07,-64.0,-2.654e-09,1.8220900000000001e-07,0.0004268594616498503,,
470,-88.0,-1.99499e-07,-66.0,-1.462e-09,1.99499e-07,0.000446653109246986,,
471,-88.0,-2.18859e-07,-68.0,-1.242e-09,2.18859e-07,0.00046782368473603385,,
472,-88.0,-2.43225e-07,-70.0,-2.6140000000000003e-09,2.43225e-07,0.0004931784666832079,,
473,-88.0,-2.95854e-07,-72.0,-6.0389999999999995e-09,2.95854e-07,0.0005439246271313702,,
474,-88.0,-3.11648e-07,-74.0,-5.149e-09,3.11648e-07,0.0005582544222843201,,
475,-88.0,-3.2906100000000004e-07,-76.0,-6.474999999999999e-09,3.2906100000000004e-07,0.0005736383878367974,,
476,-88.0,-3.3892899999999995e-07,-78.0,-6.523999999999999e-09,3.3892899999999995e-07,0.0005821760901995203,,
477,-88.0,-3.64722e-07,-80.0,-7.544e-09,3.64722e-07,0.0006039221804173117,,
478,-88.0,-3.91537e-07,-82.0,-9.384e-09,3.91537e-07,0.0006257291746434714,,
479,-88.0,-4.04752e-07,-84.0,-9.385e-09,4.04752e-07,0.0006362012260283692,,
480,-88.0,-4.27915e-07,-86.0,-1.1907e-08,4.27915e-07,0.0006541521229805801,,
481,-88.0,-4.78884e-07,-88.0,-2.1221000000000002e-08,4.78884e-07,0.0006920144507161682,,
482,-88.0,-4.856730000000001e-07,-90.0,-1.6786000000000002e-08,4.856730000000001e-07,0.0006969024321954976,,
483,-88.0,-4.99939e-07,-92.0,-1.6107e-08,4.99939e-07,0.0007070636463572428,,
484,-88.0,-5.12483e-07,-94.0,-1.3824e-08,5.12483e-07,0.0007158791797503263,,
485,-88.0,-5.31364e-07,-96.0,-1.3072e-08,5.31364e-07,0.0007289471860155576,,
486,-88.0,-5.45261e-07,-98.0,-1.4063000000000002e-08,5.45261e-07,0.0007384179033582542,,
487,-88.0,-5.61287e-07,-100.0,-1.3915999999999999e-08,5.61287e-07,0.0007491908969014506,,
488,-92.0,-7.929000000000001e-09,20.0,6.803e-09,7.929000000000001e-09,8.904493247793499e-05,,
489,-92.0,-6.502e-09,18.0,4.263e-09,6.502e-09,8.063498000247784e-05,,
490,-92.0,-5.4110000000000004e-09,16.0,2.067e-09,5.4110000000000004e-09,7.355949972641195e-05,,
491,-92.0,-3.684e-09,14.0,1.468e-09,3.684e-09,6.069596362197407e-05,,
492,-92.0,-1.7139999999999999e-09,12.0,1.8e-09,1.7139999999999999e-09,4.14004830889689e-05,,
493,-92.0,-1.002e-09,10.0,8.89e-10,1.002e-09,3.165438358268883e-05,,
494,-92.0,3.17e-10,8.000010000000001,6.71e-10,3.17e-10,1.7804493814764854e-05,,
495,-92.0,-6.28e-10,6.0,-1.394e-09,6.28e-10,2.5059928172283337e-05,,
496,-92.0,3.1e-10,4.0,4.02e-10,3.1e-10,1.760681686165901e-05,,
497,-92.0,-5.73e-10,2.0,-1.221e-09,5.73e-10,2.3937418407171646e-05,,
498,-92.0,-2.49e-10,-3.8e-06,-1.035e-09,2.49e-10,1.57797338380595e-05,,
499,-92.0,-5.49e-10,-2.0,-9.92e-10,5.49e-10,2.3430749027719963e-05,,
500,-92.0,5.68e-10,-4.0,5.55e-10,5.68e-10,2.383275057562597e-05,,
501,-92.0,3.13e-10,-6.0,1.59e-10,3.13e-10,1.7691806012954134e-05,,
502,-92.0,-3.7e-11,-8.0,-2.92e-10,3.7e-11,6.08276253029822e-06,,
503,-92.0,-5.07e-10,-10.0,-9.4e-10,5.07e-10,2.2516660498395404e-05,,
504,-92.0,1.41e-10,-12.0,-1.21e-10,1.41e-10,1.1874342087037918e-05,,
505,-92.0,6.35e-10,-14.0,5.57e-10,6.35e-10,2.5199206336708306e-05,,
506,-92.0,3.2e-11,-16.0,-2.43e-10,3.2e-11,5.65685424949238e-06,,
507,-92.0,-6.03e-10,-18.0,-1.239e-09,6.03e-10,2.455605831561735e-05,,
508,-92.0,-2.2e-11,-20.0,-3.88e-10,2.2e-11,4.69041575982343e-06,,
509,-92.0,2.27e-10,-22.0,-2.4e-11,2.27e-10,1.5066519173319364e-05,,
510,-92.0,-9.3e-11,-24.0,-6.36e-10,9.3e-11,9.643650760992955e-06,,
511,-92.0,6.76e-10,-26.0,-4.83e-10,6.76e-10,2.6000000000000002e-05,,
512,-92.0,-7.2e-11,-28.0,-1.228e-09,7.2e-11,8.48528137423857e-06,,
513,-92.0,-5.88e-10,-30.0,-2.0880000000000002e-09,5.88e-10,2.4248711305964283e-05,,
514,-92.0,-4.81e-10,-32.0,-1.819e-09,4.81e-10,2.193171219946131e-05,,
515,-92.0,-1.548e-09,-34.0,-4.35e-09,1.548e-09,3.9344631145812006e-05,,
516,-92.0,-3.21e-09,-36.0,-1.729e-09,3.21e-09,5.6656861896861174e-05,,
517,-92.0,-4.572e-09,-38.0,-3.81e-10,4.572e-09,6.761656601750787e-05,,
518,-92.0,-8.082000000000001e-09,-40.0,-1.187e-09,8.082000000000001e-09,8.989994438263019e-05,,
519,-92.0,-1.1862999999999998e-08,-42.0,-2.149e-09,1.1862999999999998e-08,0.00010891739989551715,,
520,-92.0,-1.6139e-08,-44.0,-1.711e-09,1.6139e-08,0.00012703936397825676,,
521,-92.0,-2.1647e-08,-46.0,-1.04e-10,2.1647e-08,0.00014712919492745143,,
522,-92.0,-3.0458e-08,-48.0,-1.361e-09,3.0458e-08,0.00017452220489095363,,
523,-92.0,-3.8577e-08,-50.0,-1.6750000000000001e-09,3.8577e-08,0.0001964102848630896,,
524,-92.0,-5.0324999999999996e-08,-52.0,-1.7719999999999999e-09,5.0324999999999996e-08,0.00022433234274174554,,
525,-92.0,-6.71e-08,-54.0,-7.37e-10,6.71e-08,0.0002590366769397724,,
526,-92.0,-8.51e-08,-56.0,-1.051e-09,8.51e-08,0.00029171904291629646,,
527,-92.0,-1.20878e-07,-58.0,-2.357e-09,1.20878e-07,0.0003476751357229907,,
528,-92.0,-1.28685e-07,-60.0,-7.73e-10,1.28685e-07,0.0003587269156336056,,
529,-92.0,-1.48161e-07,-62.0,-1.7449999999999999e-09,1.48161e-07,0.0003849168741429765,,
530,-92.0,-1.7086099999999998e-07,-64.0,-2.334e-09,1.7086099999999998e-07,0.0004133533597299047,,
531,-92.0,-1.9886e-07,-66.0,-1.602e-09,1.9886e-07,0.00044593721531175213,,
532,-92.0,-2.18139e-07,-68.0,-9.79e-10,2.18139e-07,0.0004670535301226188,,
533,-92.0,-2.50357e-07,-70.0,-1.741e-09,2.50357e-07,0.0005003568726419175,,
534,-92.0,-2.7374199999999996e-07,-72.0,-4.168e-09,2.7374199999999996e-07,0.0005232035932598322,,
535,-92.0,-3.3079300000000004e-07,-74.0,-7.773999999999999e-09,3.3079300000000004e-07,0.000575146068403497,,
536,-92.0,-3.84286e-07,-76.0,-1.0179e-08,3.84286e-07,0.0006199080576988817,,
537,-92.0,-3.8862299999999997e-07,-78.0,-6.7559999999999994e-09,3.8862299999999997e-07,0.0006233963426264225,,
538,-92.0,-3.97919e-07,-80.0,-7.14e-09,3.97919e-07,0.0006308082117410965,,
539,-92.0,-4.5938600000000003e-07,-82.0,-1.4339e-08,4.5938600000000003e-07,0.0006777802003599692,,
540,-92.0,-5.075670000000001e-07,-84.0,-2.0644e-08,5.075670000000001e-07,0.0007124373656680284,,
541,-92.0,-5.54631e-07,-86.0,-2.5787e-08,5.54631e-07,0.0007447355235249625,,
542,-92.0,-5.43892e-07,-88.0,-1.6965e-08,5.43892e-07,0.0007374903389197718,,
543,-92.0,-5.38255e-07,-90.0,-1.4166000000000001e-08,5.38255e-07,0.0007336586399682075,,
544,-92.0,-5.896820000000001e-07,-92.0,-2.7534999999999998e-08,5.896820000000001e-07,0.0007679075465184596,,
545,-92.0,-5.90473e-07,-94.0,-1.7127e-08,5.90473e-07,0.0007684224098762347,,
546,-92.0,-6.00536e-07,-96.0,-1.8251e-08,6.00536e-07,0.0007749425785179184,,
547,-92.0,-6.00692e-07,-98.0,-1.5422e-08,6.00692e-07,0.0007750432246010541,,
548,-92.0,-6.0699e-07,-100.0,-1.2884e-08,6.0699e-07,0.0007790956295603256,,
549,-96.0,-8.834e-09,20.0,7.072e-09,8.834e-09,9.398936110007345e-05,,
550,-96.0,-6.97e-09,18.0,4.972e-09,6.97e-09,8.34865258589672e-05,,
551,-96.0,-6.055e-09,16.0,2.056e-09,6.055e-09,7.78138805098422e-05,,
552,-96.0,-4.172e-09,14.0,1.434e-09,4.172e-09,6.459102104782057e-05,,
553,-96.0,-2.483e-09,12.0,1.116e-09,2.483e-09,4.9829710013203965e-05,,
554,-96.0,-1.159e-09,10.0,1.0770000000000001e-09,1.159e-09,3.40440890610984e-05,,
555,-96.0,-1.1930000000000001e-09,8.0,-3e-10,1.1930000000000001e-09,3.4539832078341086e-05,,
556,-96.0,-8.98e-10,6.0,-6e-10,8.98e-10,2.9966648127543395e-05,,
557,-96.0,-6.48e-10,4.0,-5.79e-10,6.48e-10,2.5455844122715712e-05,,
558,-96.0,-9.1e-10,2.0,-1.534e-09,9.1e-10,3.016620625799671e-05,,
559,-96.0,2.1e-10,-1e-06,-2.57e-10,2.1e-10,1.4491376746189439e-05,,
560,-96.0,7.33e-10,-1.9999900000000002,1.61e-10,7.33e-10,2.7073972741361767e-05,,
561,-96.0,1.28e-10,-4.0,-6.8e-11,1.28e-10,1.131370849898476e-05,,
562,-96.0,-3.63e-10,-6.0,-7.5e-10,3.63e-10,1.905255888325765e-05,,
563,-96.0,-4.93e-10,-8.0,-9.68e-10,4.93e-10,2.2203603311174518e-05,,
564,-96.0,-6.03e-10,-10.0,-1.4310000000000001e-09,6.03e-10,2.455605831561735e-05,,
565,-96.0,-5.08e-10,-12.0,-9.98e-10,5.08e-10,2.253885533916929e-05,,
566,-96.0,7.95e-10,-14.0,7.63e-10,7.95e-10,2.819574435974337e-05,,
567,-96.0,2.77e-10,-16.0,3.6e-11,2.77e-10,1.6643316977093238e-05,,
568,-96.0,-2.37e-10,-18.0,-7.21e-10,2.37e-10,1.539480431834065e-05,,
569,-96.0,-5.86e-10,-20.0,-1.142e-09,5.86e-10,2.4207436873820408e-05,,
570,-96.0,4.87e-10,-22.0,1.85e-10,4.87e-10,2.206807649071391e-05,,
571,-96.0,3e-10,-24.0,-4.5e-11,3e-10,1.7320508075688774e-05,,
572,-96.0,-8.4e-11,-26.0,-6.83e-10,8.4e-11,9.165151389911679e-06,,
573,-96.0,-5.39e-10,-28.0,-1.509e-09,5.39e-10,2.3216373532487797e-05,,
574,-96.0,1.4e-11,-30.0,-1.0770000000000001e-09,1.4e-11,3.7416573867739415e-06,,
575,-96.0,7.36e-10,-32.0,-3.74e-10,7.36e-10,2.7129319932501072e-05,,
576,-96.0,-6.76e-10,-34.0,-1.177e-09,6.76e-10,2.6000000000000002e-05,,
577,-96.0,-2.93e-09,-36.0,-2.633e-09,2.93e-09,5.412947441089743e-05,,
578,-96.0,-4.615e-09,-38.0,-3.341e-09,4.615e-09,6.793379129711517e-05,,
579,-96.0,-8.158999999999999e-09,-40.0,-2.038e-09,8.158999999999999e-09,9.032718306246463e-05,,
580,-96.0,-1.0887e-08,-42.0,-1.4310000000000001e-09,1.0887e-08,0.00010434078780611157,,
581,-96.0,-1.4646999999999999e-08,-44.0,-4.86e-10,1.4646999999999999e-08,0.00012102479084881741,,
582,-96.0,-2.1352e-08,-46.0,-9.75e-10,2.1352e-08,0.00014612323566086266,,
583,-96.0,-3.0671e-08,-48.0,-2.6600000000000003e-09,3.0671e-08,0.00017513137925568906,,
584,-96.0,-3.9767999999999996e-08,-50.0,-1.794e-09,3.9767999999999996e-08,0.00019941915655222292,,
585,-96.0,-5.0681e-08,-52.0,-9.78e-10,5.0681e-08,0.00022512441004919923,,
586,-96.0,-6.6207e-08,-54.0,-6.35e-10,6.6207e-08,0.0002573072093820925,,
587,-96.0,-8.4015e-08,-56.0,-9.93e-10,8.4015e-08,0.00028985341122712355,,
588,-96.0,-1.0198199999999999e-07,-58.0,-1.6639999999999998e-09,1.0198199999999999e-07,0.0003193462071169783,,
589,-96.0,-1.23939e-07,-60.0,-1.978e-09,1.23939e-07,0.0003520497123986895,,
590,-96.0,-1.49174e-07,-62.0,-1.023e-09,1.49174e-07,0.00038623050112594683,,
591,-96.0,-1.7780000000000002e-07,-64.0,-1.156e-09,1.7780000000000002e-07,0.0004216633728461603,,
592,-96.0,-2.27271e-07,-66.0,-3.4810000000000003e-09,2.27271e-07,0.0004767294830404346,,
593,-96.0,-2.31586e-07,-68.0,-1.056e-09,2.31586e-07,0.00048123383089720533,,
594,-96.0,-2.60811e-07,-70.0,-2.55e-09,2.60811e-07,0.0005106965831097757,,
595,-96.0,-2.95676e-07,-72.0,-3.6959999999999996e-09,2.95676e-07,0.0005437609769006967,,
596,-96.0,-3.1951899999999996e-07,-74.0,-4.1570000000000004e-09,3.1951899999999996e-07,0.0005652601171142361,,
597,-96.0,-3.41573e-07,-76.0,-3.456e-09,3.41573e-07,0.0005844424693671739,,
598,-96.0,-3.72542e-07,-78.0,-5.202e-09,3.72542e-07,0.000610362187557519,,
599,-96.0,-4.0106699999999995e-07,-80.0,-8.093e-09,4.0106699999999995e-07,0.0006332985078144429,,
600,-96.0,-4.30249e-07,-82.0,-8.433e-09,4.30249e-07,0.0006559336856725686,,
601,-96.0,-4.4832299999999996e-07,-84.0,-8.993e-09,4.4832299999999996e-07,0.0006695692645275767,,
602,-96.0,-4.73202e-07,-86.0,-9.168e-09,4.73202e-07,0.0006878967945847691,,
603,-96.0,-4.968930000000001e-07,-88.0,-1.1509e-08,4.968930000000001e-07,0.000704906376762191,,
604,-96.0,-5.12236e-07,-90.0,-1.2869e-08,5.12236e-07,0.0007157066438143494,,
605,-96.0,-5.38029e-07,-92.0,-1.2765e-08,5.38029e-07,0.0007335046012125623,,
606,-96.0,-5.5853e-07,-94.0,-1.2162e-08,5.5853e-07,0.0007473486468844377,,
607,-96.0,-5.76406e-07,-96.0,-1.2967e-08,5.76406e-07,0.0007592140673090825,,
608,-96.0,-6.032e-07,-98.0,-1.5068e-08,6.032e-07,0.000776659513557904,,
609,-96.0,-6.11011e-07,-100.0,-1.3057e-08,6.11011e-07,0.0007816719260661726,,
610,-100.0,-1.0213e-08,20.0,5.553e-09,1.0213e-08,0.00010105938848023967,,
611,-100.0,-8.022e-09,18.0,3.805e-09,8.022e-09,8.956561840349231e-05,,
612,-100.0,-5.062e-09,16.0,3.854e-09,5.062e-09,7.114773362518302e-05,,
613,-100.0,-3.6459999999999996e-09,14.0,2.6950000000000003e-09,3.6459999999999996e-09,6.038211655780211e-05,,
614,-100.0,-2.501e-09,12.0,1.62e-10,2.501e-09,5.000999900019995e-05,,
615,-100.0,-1.213e-09,10.0,1.065e-09,1.213e-09,3.4828149534536e-05,,
616,-100.0,-1.216e-09,8.0,-2.55e-10,1.216e-09,3.487119154832539e-05,,
617,-100.0,-9.35e-10,6.0,-5.84e-10,9.35e-10,3.057776970284131e-05,,
618,-100.0,-4.43e-10,4.0,-2.86e-10,4.43e-10,2.104756517984919e-05,,
619,-100.0,-8.47e-10,2.0,-1.59e-09,8.47e-10,2.9103264421710496e-05,,
620,-100.0,-1.17e-10,-2.2e-06,-6.23e-10,1.17e-10,1.0816653826391968e-05,,
621,-100.0,5.46e-10,-1.9999900000000002,-8.6e-11,5.46e-10,2.3366642891095844e-05,,
622,-100.0,-7.8e-11,-4.0,-3.9e-10,7.8e-11,8.831760866327847e-06,,
623,-100.0,-6.84e-10,-6.0,-1.207e-09,6.84e-10,2.6153393661244043e-05,,
624,-100.0,-4.31e-10,-8.0,-8.58e-10,4.31e-10,2.0760539492026696e-05,,
625,-100.0,8.86e-10,-10.0,8.74e-10,8.86e-10,2.9765752132274435e-05,,
626,-100.0,4.4e-11,-12.0,-2.66e-10,4.4e-11,6.6332495807108e-06,,
627,-100.0,-5.95e-10,-14.0,-1.046e-09,5.95e-10,2.4392621835300936e-05,,
628,-100.0,-2.15e-10,-16.0,-5.77e-10,2.15e-10,1.466287829861518e-05,,
629,-100.0,-7.09e-10,-18.0,-1.7389999999999999e-09,7.09e-10,2.6627053911388697e-05,,
630,-100.0,-1.04e-10,-19.99999,-1.278e-09,1.04e-10,1.019803902718557e-05,,
631,-100.0,-6.42e-10,-22.0,-1.593e-09,6.42e-10,2.5337718918639855e-05,,
632,-100.0,-6.5e-11,-24.0,-8.03e-10,6.5e-11,8.06225774829855e-06,,
633,-100.0,-4.78e-10,-26.0,-2.163e-09,4.78e-10,2.1863211109075446e-05,,
634,-100.0,-2.96e-10,-28.0,-2.515e-09,2.96e-10,1.7204650534085252e-05,,
635,-100.0,3.51e-10,-30.0,-2.582e-09,3.51e-10,1.8734993995195195e-05,,
636,-100.0,3.9e-11,-32.0,-1.587e-09,3.9e-11,6.244997998398399e-06,,
637,-100.0,5.68e-10,-34.0,-2.836e-09,5.68e-10,2.383275057562597e-05,,
638,-100.0,-1.935e-09,-36.0,-1.9100000000000002e-09,1.935e-09,4.398863489584554e-05,,
639,-100.0,-4.825e-09,-38.0,-2.3780000000000003e-09,4.825e-09,6.946221994724902e-05,-38.0,4.2231000046592175e-05
640,-100.0,-6.861e-09,-40.0,-1.465e-09,6.861e-09,8.283115355951528e-05,-40.0,7.062632359661756e-05
641,-100.0,-8.454e-09,-42.0,-6.37e-10,8.454e-09,9.194563611178075e-05,-42.0,9.902164714664283e-05
642,-100.0,-1.403e-08,-44.0,-7.02e-10,1.403e-08,0.0001184483009586883,-44.0,0.00012741697069666822
643,-100.0,-2.0773999999999998e-08,-46.0,-2.674e-09,2.0773999999999998e-08,0.00014413188405068463,-46.0,0.0001558122942466935
644,-100.0,-3.4905e-08,-48.0,-2.553e-09,3.4905e-08,0.00018682879863661276,-48.0,0.00018420761779671876
645,-100.0,-3.9372e-08,-50.0,-2.191e-09,3.9372e-08,0.00019842378889639215,-50.0,0.00021260294134674415
646,-100.0,-6.115700000000001e-08,-52.0,-3.033e-09,6.115700000000001e-08,0.00024729941366691515,-52.0,0.00024099826489676942
647,-100.0,-6.9129e-08,-54.0,-2.153e-09,6.9129e-08,0.00026292394337526585,-54.0,0.0002693935884467948
648,-100.0,-8.4793e-08,-56.0,-2.341e-09,8.4793e-08,0.00029119237627383036,-56.0,0.0002977889119968201
649,-100.0,-1.01731e-07,-58.0,-9.77e-10,1.01731e-07,0.00031895297459029915,-58.0,0.00032618423554684546
650,-100.0,-1.1835900000000001e-07,-60.0,-6.97e-10,1.1835900000000001e-07,0.0003440334286083258,-60.0,0.00035457955909687074
651,-100.0,-1.44043e-07,-62.0,-1.562e-09,1.44043e-07,0.0003795299724659437,-62.0,0.0003829748826468961
652,-100.0,-1.7155899999999998e-07,-64.0,-2.349e-09,1.7155899999999998e-07,0.00041419681312149177,-64.0,0.0004113702061969214
653,-100.0,-1.96523e-07,-66.0,-2.144e-09,1.96523e-07,0.0004433091472099352,-66.0,0.00043976552974694667
654,-100.0,-2.2159500000000002e-07,-68.0,-1.01e-09,2.2159500000000002e-07,0.0004707387810665274,-68.0,0.00046816085329697205
655,-100.0,-2.54895e-07,-70.0,-2.033e-09,2.54895e-07,0.0005048712707215573,-70.0,0.0004965561768469973
656,-100.0,-2.79923e-07,-72.0,-3.884e-09,2.79923e-07,0.0005290774990490524,-72.0,0.0005249515003970227
657,-100.0,-3.1336700000000003e-07,-74.0,-3.73e-09,3.1336700000000003e-07,0.0005597919256295146,-74.0,0.0005533468239470481
658,-100.0,-3.4017e-07,-76.0,-3.813e-09,3.4017e-07,0.0005832409450647305,,
659,-100.0,-4.0203e-07,-78.0,-1.0523e-08,4.0203e-07,0.0006340583569357003,,
660,-100.0,-4.21036e-07,-80.0,-7.038999999999999e-09,4.21036e-07,0.0006488728689042254,,
661,-100.0,-4.91226e-07,-82.0,-1.543e-08,4.91226e-07,0.0007008751672016923,,
662,-100.0,-5.50997e-07,-84.0002,-1.9341e-08,5.50997e-07,0.0007422917216297108,,
663,-100.0,-5.42442e-07,-86.0,-1.3677999999999998e-08,5.42442e-07,0.000736506619114859,,
664,-100.0,-5.3916e-07,-88.0,-1.2407e-08,5.3916e-07,0.0007342751527867465,,
665,-100.0,-5.60825e-07,-90.0,-1.2138e-08,5.60825e-07,0.0007488825007970209,,
666,-100.0,-5.87326e-07,-92.0,-1.3440000000000002e-08,5.87326e-07,0.0007663719723476322,,
667,-100.0,-6.06495e-07,-94.0,-1.5282e-08,6.06495e-07,0.0007787778887462073,,
668,-100.0,-6.1089e-07,-96.0,-1.3686000000000001e-08,6.1089e-07,0.0007815945240340416,,
669,-100.0,-6.62056e-07,-98.0,-2.4801e-08,6.62056e-07,0.0008136682370597983,,
670,-100.0,-7.18412e-07,-100.0,-3.0745e-08,7.18412e-07,0.0008475918829247953,,
