Repeat,VAR2,Point,Source Voltage,Source Current,Source Resistance,Source Power,Source Time,Source State,Gate Voltage,Gate Current,Gate Resistance,Gate Power,Gate Time,Gate State,Gate Source
1,1,1,-1.30000E-006,-487.00000E-012,2.66940E+003,633.10000E-018,17.69900E-003,1600,0.00000E+000,-666.00000E-012,0.00000E+000,0.00000E+000,17.69900E-003,1600,0.00000E+000
1,1,2,-2.00000E+000,-529.00000E-012,3.78072E+009,1.05800E-009,22.28300E-003,1664,100.00000E-009,-453.00000E-012,-220.75055E+000,-45.30000E-018,22.28300E-003,1600,0.00000E+000
1,1,3,-4.00000E+000,49.00000E-012,-81.63265E+009,-196.00000E-012,26.75100E-003,1728,-2.00000E-006,418.00000E-012,-4.78469E+003,-836.00000E-018,26.75100E-003,1600,0.00000E+000
1,1,4,-6.00000E+000,-160.00000E-012,37.50000E+009,960.00000E-012,30.82000E-003,1728,2.10000E-006,223.00000E-012,9.41704E+003,468.30000E-018,30.82000E-003,1600,0.00000E+000
1,1,5,-8.00000E+000,-864.00000E-012,9.25926E+009,6.91200E-009,34.78800E-003,1728,1.60000E-006,-648.00000E-012,-2.46914E+003,-1.03680E-015,34.78800E-003,1600,0.00000E+000
1,1,6,-10.00000E+000,-892.00000E-012,11.21076E+009,8.92000E-009,38.70100E-003,1728,-2.30000E-006,-627.00000E-012,3.66826E+003,1.44210E-015,38.70100E-003,1600,0.00000E+000
1,1,7,-12.00000E+000,-162.00000E-012,74.07407E+009,1.94400E-009,42.65500E-003,1728,-2.10000E-006,414.00000E-012,-5.07246E+003,-869.40000E-018,42.65500E-003,1600,0.00000E+000
1,1,8,-14.00001E+000,34.00000E-012,-411.76500E+009,-476.00034E-012,46.61800E-003,1728,1.90000E-006,706.00000E-012,2.69122E+003,1.34140E-015,46.61800E-003,1600,0.00000E+000
1,1,9,-16.00000E+000,-1.02600E-009,15.59454E+009,16.41600E-009,50.66500E-003,1728,-2.10000E-006,-653.00000E-012,3.21593E+003,1.37130E-015,50.66500E-003,1600,0.00000E+000
1,1,10,-18.00000E+000,-1.29200E-009,13.93189E+009,23.25600E-009,54.83300E-003,1728,-2.60000E-006,-959.00000E-012,2.71116E+003,2.49340E-015,54.83300E-003,1600,0.00000E+000
1,1,11,-20.00000E+000,-323.00000E-012,61.91950E+009,6.46000E-009,58.97700E-003,1728,900.00000E-009,394.00000E-012,2.28426E+003,354.60000E-018,58.97700E-003,1600,0.00000E+000
1,1,12,-22.00000E+000,-324.00000E-012,67.90123E+009,7.12800E-009,63.64300E-003,1792,300.00000E-009,514.00000E-012,583.65759E+000,154.20000E-018,63.64300E-003,1600,0.00000E+000
1,1,13,-24.00000E+000,-1.17200E-009,20.47782E+009,28.12800E-009,67.72500E-003,1792,800.00000E-009,-638.00000E-012,-1.25392E+003,-510.40000E-018,67.72500E-003,1600,0.00000E+000
1,1,14,-26.00000E+000,-1.33200E-009,19.51952E+009,34.63200E-009,71.78200E-003,1792,-3.40000E-006,-708.00000E-012,4.80226E+003,2.40720E-015,71.78200E-003,1600,0.00000E+000
1,1,15,-28.00000E+000,-501.00000E-012,55.88822E+009,14.02800E-009,75.89300E-003,1792,-2.40000E-006,519.00000E-012,-4.62428E+003,-1.24560E-015,75.89300E-003,1600,0.00000E+000
1,1,16,-30.00000E+000,-370.00000E-012,81.08108E+009,11.10000E-009,79.93000E-003,1792,500.00000E-009,903.00000E-012,553.70986E+000,451.50000E-018,79.93000E-003,1600,0.00000E+000
1,1,17,-32.00000E+000,-1.56500E-009,20.44728E+009,50.08000E-009,83.97100E-003,1792,-1.30000E-006,-344.00000E-012,3.77907E+003,447.20000E-018,83.97100E-003,1600,0.00000E+000
1,1,18,-34.00000E+000,-2.07500E-009,16.38554E+009,70.55000E-009,87.92600E-003,1792,-3.40000E-006,-714.00000E-012,4.76190E+003,2.42760E-015,87.92600E-003,1600,0.00000E+000
1,1,19,-36.00000E+000,-1.21600E-009,29.60526E+009,43.77600E-009,91.92800E-003,1792,1.30000E-006,917.00000E-012,1.41767E+003,1.19210E-015,91.92800E-003,1600,0.00000E+000
1,1,20,-38.00000E+000,-872.00000E-012,43.57798E+009,33.13600E-009,96.02800E-003,1792,0.00000E+000,1.96200E-009,0.00000E+000,0.00000E+000,96.02800E-003,1600,0.00000E+000
1,1,21,-40.00000E+000,-2.35500E-009,16.98514E+009,94.20000E-009,100.61500E-003,1792,-1.30000E-006,457.00000E-012,-2.84464E+003,-594.10000E-018,100.61500E-003,1600,0.00000E+000
1,1,22,-42.00000E+000,-2.99400E-009,14.02806E+009,125.74800E-009,104.77000E-003,1792,400.00000E-009,428.00000E-012,934.57944E+000,171.20000E-018,104.77000E-003,1600,0.00000E+000
1,1,23,-44.00000E+000,-2.34100E-009,18.79539E+009,103.00400E-009,109.24800E-003,1792,-1.00000E-006,2.16200E-009,-462.53469E+000,-2.16200E-015,109.24800E-003,1600,0.00000E+000
1,1,24,-46.00000E+000,-2.63000E-009,17.49049E+009,120.98000E-009,113.21400E-003,1792,500.00000E-009,3.04000E-009,164.47368E+000,1.52000E-015,113.21400E-003,1600,0.00000E+000
1,1,25,-48.00000E+000,-4.18400E-009,11.47228E+009,200.83200E-009,117.14500E-003,1792,1.00000E-006,2.18100E-009,458.50527E+000,2.18100E-015,117.14500E-003,1600,0.00000E+000
1,1,26,-50.00000E+000,-5.20300E-009,9.60984E+009,260.15000E-009,121.09700E-003,1792,-400.00000E-009,2.13200E-009,-187.61726E+000,-852.80000E-018,121.09700E-003,1600,0.00000E+000
1,1,27,-52.00000E+000,-4.73300E-009,10.98669E+009,246.11600E-009,125.05100E-003,1792,-700.00000E-009,4.23800E-009,-165.17225E+000,-2.96660E-015,125.05100E-003,1600,0.00000E+000
1,1,28,-54.00000E+000,-4.67800E-009,11.54339E+009,252.61200E-009,128.98600E-003,1792,2.40000E-006,5.80900E-009,413.15201E+000,13.94160E-015,128.98600E-003,1600,0.00000E+000
1,1,29,-56.00000E+000,-6.57500E-009,8.51711E+009,368.20000E-009,133.05800E-003,1792,-100.00000E-009,4.74800E-009,-21.06150E+000,-474.80000E-018,133.05800E-003,1600,0.00000E+000
1,1,30,-58.00000E+000,-7.71400E-009,7.51880E+009,447.41200E-009,137.38100E-003,1792,200.00000E-009,4.51700E-009,44.27718E+000,903.40000E-018,137.38100E-003,1600,0.00000E+000
1,1,31,-60.00000E+000,-7.06400E-009,8.49377E+009,423.84000E-009,141.53500E-003,1792,200.00000E-009,6.43700E-009,31.07037E+000,1.28740E-015,141.53500E-003,1600,0.00000E+000
1,1,32,-62.00000E+000,-7.02700E-009,8.82311E+009,435.67400E-009,146.19500E-003,1792,2.40000E-006,7.54200E-009,318.21798E+000,18.10080E-015,146.19500E-003,1600,0.00000E+000
1,1,33,-64.00000E+000,-8.96700E-009,7.13728E+009,573.88800E-009,150.17500E-003,1792,1.70000E-006,6.51900E-009,260.77619E+000,11.08230E-015,150.17500E-003,1600,0.00000E+000
1,1,34,-66.00000E+000,-10.16800E-009,6.49095E+009,671.08800E-009,154.12700E-003,1792,2.50000E-006,5.87500E-009,425.53191E+000,14.68750E-015,154.12700E-003,1600,0.00000E+000
1,1,35,-68.00000E+000,-9.71700E-009,6.99804E+009,660.75600E-009,158.07700E-003,1792,400.00000E-009,7.17700E-009,55.73359E+000,2.87080E-015,158.07700E-003,1600,0.00000E+000
1,1,36,-70.00000E+000,-9.67900E-009,7.23215E+009,677.53000E-009,162.01900E-003,1792,2.80000E-006,8.17600E-009,342.46575E+000,22.89280E-015,162.01900E-003,1600,0.00000E+000
1,1,37,-72.00000E+000,-11.32500E-009,6.35762E+009,815.40000E-009,166.11000E-003,1792,2.50000E-006,6.61400E-009,377.98609E+000,16.53500E-015,166.11000E-003,1600,0.00000E+000
1,1,38,-74.00000E+000,-12.49500E-009,5.92237E+009,924.63000E-009,170.05000E-003,1792,2.10000E-006,6.05800E-009,346.64906E+000,12.72180E-015,170.05000E-003,1600,0.00000E+000
1,1,39,-76.00000E+000,-12.31000E-009,6.17384E+009,935.56000E-009,173.98900E-003,1792,100.00000E-009,7.36200E-009,13.58327E+000,736.20000E-018,173.98900E-003,1600,0.00000E+000
1,1,40,-78.00000E+000,-12.19200E-009,6.39764E+009,950.97600E-009,178.13000E-003,1792,2.50000E-006,8.53000E-009,293.08324E+000,21.32500E-015,178.13000E-003,1600,0.00000E+000
1,1,41,-80.00000E+000,-13.74000E-009,5.82242E+009,1.09920E-006,182.60500E-003,1792,3.80000E-006,7.54200E-009,503.84513E+000,28.65960E-015,182.60500E-003,1600,0.00000E+000
1,1,42,-82.00000E+000,-14.99200E-009,5.46958E+009,1.22934E-006,186.54400E-003,1792,2.30000E-006,7.11700E-009,323.16987E+000,16.36910E-015,186.54400E-003,1600,0.00000E+000
1,1,43,-84.00000E+000,-14.88600E-009,5.64289E+009,1.25042E-006,190.47000E-003,1792,1.70000E-006,8.41700E-009,201.97220E+000,14.30890E-015,190.47000E-003,1600,0.00000E+000
1,1,44,-86.00000E+000,-14.84000E-009,5.79515E+009,1.27624E-006,194.56800E-003,1792,500.00000E-009,9.40100E-009,53.18583E+000,4.70050E-015,194.56800E-003,1600,0.00000E+000
1,1,45,-88.00000E+000,-16.07400E-009,5.47468E+009,1.41451E-006,198.83400E-003,1792,3.80000E-006,8.41800E-009,451.41364E+000,31.98840E-015,198.83400E-003,1600,0.00000E+000
1,1,46,-90.00000E+000,-17.27900E-009,5.20863E+009,1.55511E-006,203.26200E-003,1792,6.00000E-006,7.92500E-009,757.09779E+000,47.55000E-015,203.26200E-003,1600,0.00000E+000
1,1,47,-92.00000E+000,-17.18300E-009,5.35413E+009,1.58084E-006,207.20500E-003,1792,3.50000E-006,9.16900E-009,381.72102E+000,32.09150E-015,207.20500E-003,1600,0.00000E+000
1,1,48,-94.00000E+000,-17.39900E-009,5.40261E+009,1.63551E-006,211.17100E-003,1792,-1.10000E-006,10.26300E-009,-107.18114E+000,-11.28930E-015,211.17100E-003,1600,0.00000E+000
1,1,49,-96.00000E+000,-18.60800E-009,5.15907E+009,1.78637E-006,215.12300E-003,1792,2.30000E-006,9.42600E-009,244.00594E+000,21.67980E-015,215.12300E-003,1600,0.00000E+000
1,1,50,-98.00000E+000,-19.45400E-009,5.03752E+009,1.90649E-006,219.02800E-003,1792,2.80000E-006,9.00000E-009,311.11111E+000,25.20000E-015,219.02800E-003,1600,0.00000E+000
1,1,51,-100.00000E+000,-19.48200E-009,5.13294E+009,1.94820E-006,223.12900E-003,1792,2.90000E-006,9.64900E-009,300.54928E+000,27.98210E-015,223.12900E-003,1600,0.00000E+000
1,2,1,-1.40000E-006,2.46200E-009,-568.64338E+000,-3.44680E-015,377.57500E-003,1600,-10.00000E+000,-1.41600E-009,7.06215E+009,14.16000E-009,377.57500E-003,1728,-10.00000E+000
1,2,2,-2.00000E+000,94.00000E-012,-21.27662E+009,-188.00019E-012,382.73600E-003,1664,-10.00000E+000,-998.00000E-012,10.02004E+009,9.98000E-009,382.73600E-003,1728,-10.00000E+000
1,2,3,-4.00000E+000,-916.00000E-012,4.36681E+009,3.66400E-009,387.46000E-003,1728,-10.00000E+000,-1.59700E-009,6.26174E+009,15.97000E-009,387.46000E-003,1728,-10.00000E+000
1,2,4,-6.00000E+000,31.00000E-012,-193.54839E+009,-186.00000E-012,391.51200E-003,1728,-10.00000E+000,-80.00000E-012,125.00000E+009,800.00000E-012,391.51200E-003,1728,-10.00000E+000
1,2,5,-8.00000E+000,322.00000E-012,-24.84472E+009,-2.57600E-009,395.47800E-003,1728,-10.00000E+000,1.20800E-009,-8.27815E+009,-12.08000E-009,395.47800E-003,1728,-10.00000E+000
1,2,6,-10.00000E+000,-1.16500E-009,8.58369E+009,11.65000E-009,399.43400E-003,1728,-10.00000E+000,2.00000E-012,-5.00000E+012,-20.00000E-012,399.43400E-003,1728,-10.00000E+000
1,2,7,-12.00000E+000,-1.98200E-009,6.05449E+009,23.78400E-009,403.39600E-003,1728,-10.00000E+000,-415.00000E-012,24.09639E+009,4.15000E-009,403.39600E-003,1728,-10.00000E+000
1,2,8,-14.00001E+000,-1.65800E-009,8.44391E+009,23.21202E-009,407.36200E-003,1728,-10.00000E+000,1.10200E-009,-9.07441E+009,-11.02000E-009,407.36200E-003,1728,-10.00000E+000
1,2,9,-16.00000E+000,-1.55000E-009,10.32258E+009,24.80000E-009,411.44800E-003,1728,-10.00000E+000,2.55600E-009,-3.91236E+009,-25.56000E-009,411.44800E-003,1728,-10.00000E+000
1,2,10,-18.00000E+000,-2.44300E-009,7.36799E+009,43.97400E-009,415.55800E-003,1728,-10.00000E+000,1.43200E-009,-6.98324E+009,-14.32000E-009,415.55800E-003,1728,-10.00000E+000
1,2,11,-20.00000E+000,-2.43400E-009,8.21693E+009,48.68000E-009,419.65400E-003,1728,-10.00000E+000,192.00000E-012,-52.08333E+009,-1.92000E-009,419.65400E-003,1728,-10.00000E+000
1,2,12,-22.00000E+000,-1.34600E-009,16.34473E+009,29.61200E-009,423.98100E-003,1792,-10.00000E+000,669.00000E-012,-14.94768E+009,-6.69000E-009,423.98100E-003,1728,-10.00000E+000
1,2,13,-24.00000E+000,-392.00000E-012,61.22449E+009,9.40800E-009,428.09200E-003,1792,-10.00000E+000,1.33000E-009,-7.51880E+009,-13.30000E-009,428.09200E-003,1728,-10.00000E+000
1,2,14,-26.00000E+000,-1.16400E-009,22.33677E+009,30.26400E-009,432.28900E-003,1792,-10.00000E+000,69.00000E-012,-144.92754E+009,-690.00000E-012,432.28900E-003,1728,-10.00000E+000
1,2,15,-28.00000E+000,-1.62700E-009,17.20959E+009,45.55600E-009,436.26400E-003,1792,-10.00000E+000,-662.00000E-012,15.10574E+009,6.62000E-009,436.26400E-003,1728,-10.00000E+000
1,2,16,-30.00000E+000,-934.00000E-012,32.11991E+009,28.02000E-009,440.22000E-003,1792,-10.00000E+000,109.00000E-012,-91.74312E+009,-1.09000E-009,440.22000E-003,1728,-10.00000E+000
1,2,17,-32.00000E+000,-446.00000E-012,71.74888E+009,14.27200E-009,444.18500E-003,1792,-10.00000E+000,714.00000E-012,-14.00560E+009,-7.14000E-009,444.18500E-003,1728,-10.00000E+000
1,2,18,-34.00000E+000,-965.00000E-012,35.23316E+009,32.81000E-009,448.15400E-003,1792,-10.00000E+000,7.00000E-012,-1.42857E+012,-70.00000E-012,448.15400E-003,1728,-10.00000E+000
1,2,19,-36.00000E+000,-1.35700E-009,26.52911E+009,48.85200E-009,452.12500E-003,1792,-10.00000E+000,-576.00000E-012,17.36111E+009,5.76000E-009,452.12500E-003,1728,-10.00000E+000
1,2,20,-38.00000E+000,-1.09200E-009,34.79853E+009,41.49600E-009,456.18800E-003,1792,-10.00000E+000,-172.00000E-012,58.13953E+009,1.72000E-009,456.18800E-003,1728,-10.00000E+000
1,2,21,-40.00000E+000,-473.00000E-012,84.56660E+009,18.92000E-009,460.79600E-003,1792,-10.00000E+000,578.00000E-012,-17.30104E+009,-5.78000E-009,460.79600E-003,1728,-10.00000E+000
1,2,22,-42.00000E+000,-1.01300E-009,41.46101E+009,42.54600E-009,465.41800E-003,1792,-10.00000E+000,-188.00000E-012,53.19149E+009,1.88000E-009,465.41800E-003,1728,-10.00000E+000
1,2,23,-44.00000E+000,-1.61700E-009,27.21088E+009,71.14800E-009,469.96600E-003,1792,-10.00000E+000,-1.03400E-009,9.67118E+009,10.34000E-009,469.96600E-003,1728,-10.00000E+000
1,2,24,-46.00000E+000,-922.00000E-012,49.89154E+009,42.41200E-009,473.97100E-003,1792,-10.00000E+000,12.00000E-012,-833.33333E+009,-120.00000E-012,473.97100E-003,1728,-10.00000E+000
1,2,25,-48.00000E+000,-288.00000E-012,166.66667E+009,13.82400E-009,477.95300E-003,1792,-10.00000E+000,849.00000E-012,-11.77856E+009,-8.49000E-009,477.95300E-003,1728,-10.00000E+000
1,2,26,-50.00000E+000,-1.08500E-009,46.08295E+009,54.25000E-009,481.92700E-003,1792,-10.00000E+000,-131.00000E-012,76.33588E+009,1.31000E-009,481.92700E-003,1728,-10.00000E+000
1,2,27,-52.00000E+000,-1.58400E-009,32.82828E+009,82.36800E-009,485.91800E-003,1792,-10.00000E+000,-642.00000E-012,15.57632E+009,6.42000E-009,485.91800E-003,1728,-10.00000E+000
1,2,28,-54.00000E+000,-1.15200E-009,46.87500E+009,62.20800E-009,489.88300E-003,1792,-10.00000E+000,-10.00000E-012,1.00000E+012,100.00000E-012,489.88300E-003,1728,-10.00000E+000
1,2,29,-56.00000E+000,-850.00000E-012,65.88235E+009,47.60000E-009,493.85900E-003,1792,-10.00000E+000,615.00000E-012,-16.26016E+009,-6.15000E-009,493.85900E-003,1728,-10.00000E+000
1,2,30,-58.00000E+000,-1.29400E-009,44.82226E+009,75.05200E-009,497.97200E-003,1792,-10.00000E+000,258.00000E-012,-38.75969E+009,-2.58000E-009,497.97200E-003,1728,-10.00000E+000
1,2,31,-60.00000E+000,-1.85500E-009,32.34501E+009,111.30000E-009,502.34700E-003,1792,-10.00000E+000,-246.00000E-012,40.65041E+009,2.46000E-009,502.34700E-003,1728,-10.00000E+000
1,2,32,-62.00000E+000,-1.74400E-009,35.55046E+009,108.12800E-009,506.47100E-003,1792,-10.00000E+000,514.00000E-012,-19.45525E+009,-5.14000E-009,506.47100E-003,1728,-10.00000E+000
1,2,33,-64.00000E+000,-1.64100E-009,39.00061E+009,105.02400E-009,510.70000E-003,1792,-10.00000E+000,1.48600E-009,-6.72948E+009,-14.86000E-009,510.70000E-003,1728,-10.00000E+000
1,2,34,-66.00000E+000,-2.49800E-009,26.42114E+009,164.86800E-009,514.79000E-003,1792,-10.00000E+000,1.32300E-009,-7.55858E+009,-13.23000E-009,514.79000E-003,1728,-10.00000E+000
1,2,35,-68.00000E+000,-3.41700E-009,19.90050E+009,232.35600E-009,518.76400E-003,1792,-10.00000E+000,1.18200E-009,-8.46024E+009,-11.82000E-009,518.76400E-003,1728,-10.00000E+000
1,2,36,-70.00000E+000,-3.61900E-009,19.34236E+009,253.33000E-009,522.74100E-003,1792,-10.00000E+000,2.08000E-009,-4.80769E+009,-20.80000E-009,522.74100E-003,1728,-10.00000E+000
1,2,37,-72.00000E+000,-3.78700E-009,19.01241E+009,272.66400E-009,526.71400E-003,1792,-10.00000E+000,3.40700E-009,-2.93513E+009,-34.07000E-009,526.71400E-003,1728,-10.00000E+000
1,2,38,-74.00000E+000,-4.57900E-009,16.16073E+009,338.84600E-009,530.69500E-003,1792,-10.00000E+000,3.97300E-009,-2.51699E+009,-39.73000E-009,530.69500E-003,1728,-10.00000E+000
1,2,39,-76.00000E+000,-6.05400E-009,12.55368E+009,460.10400E-009,534.63600E-003,1792,-10.00000E+000,3.71600E-009,-2.69107E+009,-37.16000E-009,534.63600E-003,1728,-10.00000E+000
1,2,40,-78.00000E+000,-6.78700E-009,11.49256E+009,529.38600E-009,538.58600E-003,1792,-10.00000E+000,4.41200E-009,-2.26655E+009,-44.12000E-009,538.58600E-003,1728,-10.00000E+000
1,2,41,-80.00000E+000,-6.84900E-009,11.68054E+009,547.92000E-009,542.52800E-003,1792,-10.00000E+000,6.39200E-009,-1.56446E+009,-63.92000E-009,542.52800E-003,1728,-10.00000E+000
1,2,42,-82.00000E+000,-7.49300E-009,10.94355E+009,614.42600E-009,546.62200E-003,1792,-10.00000E+000,7.51600E-009,-1.33049E+009,-75.16000E-009,546.62200E-003,1728,-10.00000E+000
1,2,43,-84.00000E+000,-9.41000E-009,8.92667E+009,790.44000E-009,550.79900E-003,1792,-10.00000E+000,6.73100E-009,-1.48566E+009,-67.31000E-009,550.79900E-003,1728,-10.00000E+000
1,2,44,-86.00000E+000,-10.40300E-009,8.26685E+009,894.65800E-009,554.86900E-003,1792,-10.00000E+000,6.57600E-009,-1.52068E+009,-65.76000E-009,554.86900E-003,1728,-10.00000E+000
1,2,45,-88.00000E+000,-10.28300E-009,8.55781E+009,904.90400E-009,559.01500E-003,1792,-10.00000E+000,7.54700E-009,-1.32503E+009,-75.47000E-009,559.01500E-003,1728,-10.00000E+000
1,2,46,-90.00000E+000,-10.71900E-009,8.39631E+009,964.71000E-009,563.51500E-003,1792,-10.00000E+000,7.50900E-009,-1.33174E+009,-75.09000E-009,563.51500E-003,1728,-10.00000E+000
1,2,47,-92.00000E+000,-12.49600E-009,7.36236E+009,1.14963E-006,567.55900E-003,1792,-10.00000E+000,6.51400E-009,-1.53516E+009,-65.14000E-009,567.55900E-003,1728,-10.00000E+000
1,2,48,-94.00000E+000,-13.47700E-009,6.97485E+009,1.26684E-006,571.66900E-003,1792,-10.00000E+000,6.53000E-009,-1.53139E+009,-65.30000E-009,571.66900E-003,1728,-10.00000E+000
1,2,49,-96.00000E+000,-13.51700E-009,7.10217E+009,1.29763E-006,575.63900E-003,1792,-10.00000E+000,8.23200E-009,-1.21477E+009,-82.32000E-009,575.63900E-003,1728,-10.00000E+000
1,2,50,-98.00000E+000,-13.96100E-009,7.01955E+009,1.36818E-006,579.61400E-003,1792,-10.00000E+000,9.10800E-009,-1.09794E+009,-91.08000E-009,579.61400E-003,1728,-10.00000E+000
1,2,51,-100.00000E+000,-15.83300E-009,6.31592E+009,1.58330E-006,583.57000E-003,1792,-10.00000E+000,7.88600E-009,-1.26807E+009,-78.86000E-009,583.57000E-003,1728,-10.00000E+000
1,3,1,800.00000E-009,1.24100E-009,644.64142E+000,992.80000E-018,716.19300E-003,1600,-20.00000E+000,-2.03000E-009,9.85222E+009,40.60000E-009,716.19300E-003,1728,-20.00000E+000
1,3,2,-2.00000E+000,-679.00000E-012,2.94551E+009,1.35800E-009,720.92700E-003,1664,-20.00000E+000,-1.79400E-009,11.14827E+009,35.88000E-009,720.92700E-003,1728,-20.00000E+000
1,3,3,-4.00000E+000,236.00000E-012,-16.94915E+009,-944.00000E-012,725.20700E-003,1728,-20.00000E+000,-161.00000E-012,124.22360E+009,3.22000E-009,725.20700E-003,1728,-20.00000E+000
1,3,4,-6.00000E+000,770.00000E-012,-7.79221E+009,-4.62000E-009,729.36800E-003,1728,-20.00000E+000,703.00000E-012,-28.44950E+009,-14.06000E-009,729.36800E-003,1728,-20.00000E+000
1,3,5,-8.00000E+000,-710.00000E-012,11.26761E+009,5.68000E-009,733.37600E-003,1728,-20.00000E+000,-767.00000E-012,26.07562E+009,15.34000E-009,733.37600E-003,1728,-20.00000E+000
1,3,6,-10.00000E+000,-2.41800E-009,4.13565E+009,24.18000E-009,737.40100E-003,1728,-20.00000E+000,-347.00000E-012,57.63689E+009,6.94000E-009,737.40100E-003,1728,-20.00000E+000
1,3,7,-12.00001E+000,-4.89400E-009,2.45198E+009,58.72805E-009,741.37200E-003,1728,-20.00000E+000,4.39600E-009,-4.54959E+009,-87.92000E-009,741.37200E-003,1728,-20.00000E+000
1,3,8,-14.00001E+000,-6.00600E-009,2.33100E+009,84.08406E-009,745.32000E-003,1728,-20.00000E+000,7.04800E-009,-2.83768E+009,-140.96000E-009,745.32000E-003,1728,-20.00000E+000
1,3,9,-16.00001E+000,-7.18000E-009,2.22841E+009,114.88007E-009,749.27500E-003,1728,-20.00000E+000,5.71900E-009,-3.49711E+009,-114.38000E-009,749.27500E-003,1728,-20.00000E+000
1,3,10,-18.00001E+000,-7.15200E-009,2.51678E+009,128.73607E-009,753.46800E-003,1728,-20.00000E+000,4.32500E-009,-4.62428E+009,-86.50000E-009,753.46800E-003,1728,-20.00000E+000
1,3,11,-20.00000E+000,-5.30200E-009,3.77216E+009,106.04000E-009,757.62400E-003,1728,-20.00000E+000,4.43000E-009,-4.51467E+009,-88.60000E-009,757.62400E-003,1728,-20.00000E+000
1,3,12,-22.00000E+000,-3.38100E-009,6.50695E+009,74.38200E-009,762.37300E-003,1792,-20.00000E+000,4.44000E-009,-4.50450E+009,-88.80000E-009,762.37300E-003,1728,-20.00000E+000
1,3,13,-24.00000E+000,-3.72700E-009,6.43950E+009,89.44800E-009,766.61000E-003,1792,-20.00000E+000,1.84500E-009,-10.84011E+009,-36.90000E-009,766.61000E-003,1728,-20.00000E+000
1,3,14,-26.00000E+000,-3.56400E-009,7.29517E+009,92.66400E-009,770.76300E-003,1792,-20.00000E+000,402.00000E-012,-49.75124E+009,-8.04000E-009,770.76300E-003,1728,-20.00000E+000
1,3,15,-28.00000E+000,-1.94800E-009,14.37372E+009,54.54400E-009,774.75800E-003,1792,-20.00000E+000,1.29700E-009,-15.42020E+009,-25.94000E-009,774.75800E-003,1728,-20.00000E+000
1,3,16,-30.00000E+000,-982.00000E-012,30.54990E+009,29.46000E-009,778.74500E-003,1792,-20.00000E+000,1.91500E-009,-10.44386E+009,-38.30000E-009,778.74500E-003,1728,-20.00000E+000
1,3,17,-32.00000E+000,-1.93500E-009,16.53747E+009,61.92000E-009,782.76800E-003,1792,-20.00000E+000,244.00000E-012,-81.96721E+009,-4.88000E-009,782.76800E-003,1728,-20.00000E+000
1,3,18,-34.00000E+000,-2.31100E-009,14.71225E+009,78.57400E-009,786.74100E-003,1792,-20.00000E+000,-572.00000E-012,34.96503E+009,11.44000E-009,786.74100E-003,1728,-20.00000E+000
1,3,19,-36.00000E+000,-1.44200E-009,24.96533E+009,51.91200E-009,790.71400E-003,1792,-20.00000E+000,380.00000E-012,-52.63158E+009,-7.60000E-009,790.71400E-003,1728,-20.00000E+000
1,3,20,-38.00000E+000,-696.00000E-012,54.59770E+009,26.44800E-009,794.69500E-003,1792,-20.00000E+000,1.12700E-009,-17.74623E+009,-22.54000E-009,794.69500E-003,1728,-20.00000E+000
1,3,21,-40.00000E+000,-1.50600E-009,26.56042E+009,60.24000E-009,798.67900E-003,1792,-20.00000E+000,60.00000E-012,-333.33333E+009,-1.20000E-009,798.67900E-003,1728,-20.00000E+000
1,3,22,-42.00000E+000,-1.89800E-009,22.12856E+009,79.71600E-009,802.84500E-003,1792,-20.00000E+000,-649.00000E-012,30.81664E+009,12.98000E-009,802.84500E-003,1728,-20.00000E+000
1,3,23,-44.00000E+000,-1.18300E-009,37.19358E+009,52.05200E-009,807.43800E-003,1792,-20.00000E+000,165.00000E-012,-121.21212E+009,-3.30000E-009,807.43800E-003,1728,-20.00000E+000
1,3,24,-46.00000E+000,-506.00000E-012,90.90909E+009,23.27600E-009,811.53200E-003,1792,-20.00000E+000,1.04900E-009,-19.06578E+009,-20.98000E-009,811.53200E-003,1728,-20.00000E+000
1,3,25,-48.00000E+000,-1.46300E-009,32.80930E+009,70.22400E-009,816.18000E-003,1792,-20.00000E+000,-303.00000E-012,66.00660E+009,6.06000E-009,816.18000E-003,1728,-20.00000E+000
1,3,26,-50.00000E+000,-2.04700E-009,24.42599E+009,102.35000E-009,820.25500E-003,1792,-20.00000E+000,-1.05200E-009,19.01141E+009,21.04000E-009,820.25500E-003,1728,-20.00000E+000
1,3,27,-52.00000E+000,-1.23800E-009,42.00323E+009,64.37600E-009,824.22700E-003,1792,-20.00000E+000,113.00000E-012,-176.99115E+009,-2.26000E-009,824.22700E-003,1728,-20.00000E+000
1,3,28,-54.00000E+000,-567.00000E-012,95.23810E+009,30.61800E-009,828.19400E-003,1792,-20.00000E+000,974.00000E-012,-20.53388E+009,-19.48000E-009,828.19400E-003,1728,-20.00000E+000
1,3,29,-56.00000E+000,-1.36200E-009,41.11601E+009,76.27200E-009,832.17800E-003,1792,-20.00000E+000,-183.00000E-012,109.28962E+009,3.66000E-009,832.17800E-003,1728,-20.00000E+000
1,3,30,-58.00000E+000,-1.89900E-009,30.54239E+009,110.14200E-009,836.15700E-003,1792,-20.00000E+000,-753.00000E-012,26.56042E+009,15.06000E-009,836.15700E-003,1728,-20.00000E+000
1,3,31,-60.00000E+000,-1.30500E-009,45.97701E+009,78.30000E-009,840.12000E-003,1792,-20.00000E+000,56.00000E-012,-357.14286E+009,-1.12000E-009,840.12000E-003,1728,-20.00000E+000
1,3,32,-62.00000E+000,-998.00000E-012,62.12425E+009,61.87600E-009,844.07700E-003,1792,-20.00000E+000,677.00000E-012,-29.54210E+009,-13.54000E-009,844.07700E-003,1728,-20.00000E+000
1,3,33,-64.00000E+000,-1.47200E-009,43.47826E+009,94.20800E-009,848.13400E-003,1792,-20.00000E+000,138.00000E-012,-144.92754E+009,-2.76000E-009,848.13400E-003,1728,-20.00000E+000
1,3,34,-66.00000E+000,-2.04300E-009,32.30543E+009,134.83800E-009,852.49600E-003,1792,-20.00000E+000,-381.00000E-012,52.49344E+009,7.62000E-009,852.49600E-003,1728,-20.00000E+000
1,3,35,-68.00000E+000,-1.78000E-009,38.20225E+009,121.04000E-009,856.63600E-003,1792,-20.00000E+000,389.00000E-012,-51.41388E+009,-7.78000E-009,856.63600E-003,1728,-20.00000E+000
1,3,36,-70.00000E+000,-1.52600E-009,45.87156E+009,106.82000E-009,860.68200E-003,1792,-20.00000E+000,1.16100E-009,-17.22653E+009,-23.22000E-009,860.68200E-003,1728,-20.00000E+000
1,3,37,-72.00000E+000,-2.25700E-009,31.90075E+009,162.50400E-009,864.85100E-003,1792,-20.00000E+000,861.00000E-012,-23.22880E+009,-17.22000E-009,864.85100E-003,1728,-20.00000E+000
1,3,38,-74.00000E+000,-3.04800E-009,24.27822E+009,225.55200E-009,869.49200E-003,1792,-20.00000E+000,399.00000E-012,-50.12531E+009,-7.98000E-009,869.49200E-003,1728,-20.00000E+000
1,3,39,-76.00000E+000,-2.96200E-009,25.65834E+009,225.11200E-009,873.48900E-003,1792,-20.00000E+000,1.58800E-009,-12.59446E+009,-31.76000E-009,873.48900E-003,1728,-20.00000E+000
1,3,40,-78.00000E+000,-3.08500E-009,25.28363E+009,240.63000E-009,877.46600E-003,1792,-20.00000E+000,2.74600E-009,-7.28332E+009,-54.92000E-009,877.46600E-003,1728,-20.00000E+000
1,3,41,-80.00000E+000,-4.09200E-009,19.55034E+009,327.36000E-009,881.43800E-003,1792,-20.00000E+000,2.74200E-009,-7.29395E+009,-54.84000E-009,881.43800E-003,1728,-20.00000E+000
1,3,42,-82.00000E+000,-5.17200E-009,15.85460E+009,424.10400E-009,885.45800E-003,1792,-20.00000E+000,2.74900E-009,-7.27537E+009,-54.98000E-009,885.45800E-003,1728,-20.00000E+000
1,3,43,-84.00000E+000,-5.61500E-009,14.95993E+009,471.66000E-009,889.43000E-003,1792,-20.00000E+000,3.80900E-009,-5.25072E+009,-76.18000E-009,889.43000E-003,1728,-20.00000E+000
1,3,44,-86.00000E+000,-5.74200E-009,14.97736E+009,493.81200E-009,893.39900E-003,1792,-20.00000E+000,5.15000E-009,-3.88350E+009,-103.00000E-009,893.39900E-003,1728,-20.00000E+000
1,3,45,-88.00000E+000,-6.58400E-009,13.36574E+009,579.39200E-009,897.42800E-003,1792,-20.00000E+000,5.69800E-009,-3.51000E+009,-113.96000E-009,897.42800E-003,1728,-20.00000E+000
1,3,46,-90.00000E+000,-7.91600E-009,11.36938E+009,712.44000E-009,901.88500E-003,1792,-20.00000E+000,5.49100E-009,-3.64232E+009,-109.82000E-009,901.88500E-003,1728,-20.00000E+000
1,3,47,-92.00000E+000,-8.21900E-009,11.19358E+009,756.14800E-009,906.42400E-003,1792,-20.00000E+000,6.58400E-009,-3.03767E+009,-131.68000E-009,906.42400E-003,1728,-20.00000E+000
1,3,48,-94.00000E+000,-8.39500E-009,11.19714E+009,789.13000E-009,910.88800E-003,1792,-20.00000E+000,7.74000E-009,-2.58398E+009,-154.80000E-009,910.88800E-003,1728,-20.00000E+000
1,3,49,-96.00000E+000,-9.79800E-009,9.79792E+009,940.60800E-009,914.89100E-003,1792,-20.00000E+000,7.52200E-009,-2.65887E+009,-150.44000E-009,914.89100E-003,1728,-20.00000E+000
1,3,50,-98.00000E+000,-11.01100E-009,8.90019E+009,1.07908E-006,918.86000E-003,1792,-20.00000E+000,7.09500E-009,-2.81889E+009,-141.90000E-009,918.86000E-003,1728,-20.00000E+000
1,3,51,-100.00000E+000,-11.54000E-009,8.66551E+009,1.15400E-006,922.82400E-003,1792,-20.00000E+000,7.45700E-009,-2.68204E+009,-149.14000E-009,922.82400E-003,1728,-20.00000E+000
1,4,1,-700.00000E-009,2.34000E-009,-299.14530E+000,-1.63800E-015,1.07880E+000,1600,-30.00000E+000,-671.00000E-012,44.70939E+009,20.13000E-009,1.07880E+000,1792,-30.00000E+000
1,4,2,-2.00000E+000,-225.00000E-012,8.88889E+009,450.00022E-012,1.08348E+000,1664,-30.00000E+000,-1.17100E-009,25.61913E+009,35.13000E-009,1.08348E+000,1792,-30.00000E+000
1,4,3,-4.00000E+000,-911.00000E-012,4.39078E+009,3.64400E-009,1.08772E+000,1728,-30.00000E+000,-1.68900E-009,17.76199E+009,50.67000E-009,1.08772E+000,1792,-30.00000E+000
1,4,4,-6.00000E+000,80.00000E-012,-75.00000E+009,-480.00000E-012,1.09178E+000,1728,-30.00000E+000,-237.00000E-012,126.58228E+009,7.11000E-009,1.09178E+000,1792,-30.00000E+000
1,4,5,-8.00000E+000,428.00000E-012,-18.69159E+009,-3.42400E-009,1.09578E+000,1728,-30.00000E+000,809.00000E-012,-37.08282E+009,-24.27000E-009,1.09578E+000,1792,-30.00000E+000
1,4,6,-10.00000E+000,-5.79500E-009,1.72563E+009,57.95000E-009,1.09980E+000,1728,-30.00000E+000,3.66100E-009,-8.19448E+009,-109.83000E-009,1.09980E+000,1792,-30.00000E+000
1,4,7,-12.00001E+000,-10.20400E-009,1.17601E+009,122.44810E-009,1.10377E+000,1728,-30.00000E+000,6.36800E-009,-4.71106E+009,-191.04000E-009,1.10377E+000,1792,-30.00000E+000
1,4,8,-14.00001E+000,-10.43600E-009,1.34151E+009,146.10410E-009,1.10775E+000,1728,-30.00000E+000,8.24000E-009,-3.64078E+009,-247.20000E-009,1.10775E+000,1792,-30.00000E+000
1,4,9,-16.00001E+000,-9.32100E-009,1.71656E+009,149.13609E-009,1.11290E+000,1728,-30.00000E+000,8.19000E-009,-3.66300E+009,-245.70000E-009,1.11290E+000,1792,-30.00000E+000
1,4,10,-18.00001E+000,-10.09500E-009,1.78306E+009,181.71010E-009,1.11701E+000,1728,-30.00000E+000,6.20300E-009,-4.83637E+009,-186.09000E-009,1.11701E+000,1792,-30.00000E+000
1,4,11,-20.00001E+000,-9.95800E-009,2.00844E+009,199.16010E-009,1.12157E+000,1728,-30.00000E+000,5.15700E-009,-5.81734E+009,-154.71000E-009,1.12157E+000,1792,-30.00000E+000
1,4,12,-22.00000E+000,-8.24900E-009,2.66699E+009,181.47800E-009,1.12579E+000,1792,-30.00000E+000,5.60400E-009,-5.35332E+009,-168.12000E-009,1.12579E+000,1792,-30.00000E+000
1,4,13,-24.00000E+000,-6.75700E-009,3.55187E+009,162.16800E-009,1.12975E+000,1792,-30.00000E+000,5.22900E-009,-5.73723E+009,-156.87000E-009,1.12975E+000,1792,-30.00000E+000
1,4,14,-26.00000E+000,-6.59900E-009,3.93999E+009,171.57400E-009,1.13370E+000,1792,-30.00000E+000,2.61000E-009,-11.49425E+009,-78.30000E-009,1.13370E+000,1792,-30.00000E+000
1,4,15,-28.00000E+000,-6.58900E-009,4.24951E+009,184.49200E-009,1.13770E+000,1792,-30.00000E+000,1.25300E-009,-23.94254E+009,-37.59000E-009,1.13770E+000,1792,-30.00000E+000
1,4,16,-30.00000E+000,-4.52700E-009,6.62691E+009,135.81000E-009,1.14164E+000,1792,-30.00000E+000,2.06900E-009,-14.49976E+009,-62.07000E-009,1.14164E+000,1792,-30.00000E+000
1,4,17,-32.00000E+000,-3.18500E-009,10.04710E+009,101.92000E-009,1.14560E+000,1792,-30.00000E+000,2.39700E-009,-12.51564E+009,-71.91000E-009,1.14560E+000,1792,-30.00000E+000
1,4,18,-34.00000E+000,-4.29400E-009,7.91803E+009,145.99600E-009,1.14986E+000,1792,-30.00000E+000,506.00000E-012,-59.28854E+009,-15.18000E-009,1.14986E+000,1792,-30.00000E+000
1,4,19,-36.00000E+000,-4.58600E-009,7.84998E+009,165.09600E-009,1.15438E+000,1792,-30.00000E+000,-393.00000E-012,76.33588E+009,11.79000E-009,1.15438E+000,1792,-30.00000E+000
1,4,20,-38.00000E+000,-3.07600E-009,12.35371E+009,116.88800E-009,1.15848E+000,1792,-30.00000E+000,826.00000E-012,-36.31961E+009,-24.78000E-009,1.15848E+000,1792,-30.00000E+000
1,4,21,-40.00000E+000,-2.49000E-009,16.06426E+009,99.60000E-009,1.16297E+000,1792,-30.00000E+000,1.54800E-009,-19.37984E+009,-46.44000E-009,1.16297E+000,1792,-30.00000E+000
1,4,22,-42.00000E+000,-3.41800E-009,12.28789E+009,143.55600E-009,1.16698E+000,1792,-30.00000E+000,-45.00000E-012,666.66667E+009,1.35000E-009,1.16698E+000,1792,-30.00000E+000
1,4,23,-44.00000E+000,-3.73700E-009,11.77415E+009,164.42800E-009,1.17096E+000,1792,-30.00000E+000,-861.00000E-012,34.84321E+009,25.83000E-009,1.17096E+000,1792,-30.00000E+000
1,4,24,-46.00000E+000,-2.68600E-009,17.12584E+009,123.55600E-009,1.17500E+000,1792,-30.00000E+000,559.00000E-012,-53.66726E+009,-16.77000E-009,1.17500E+000,1792,-30.00000E+000
1,4,25,-48.00000E+000,-1.77500E-009,27.04225E+009,85.20000E-009,1.17911E+000,1792,-30.00000E+000,1.48800E-009,-20.16129E+009,-44.64000E-009,1.17911E+000,1792,-30.00000E+000
1,4,26,-50.00000E+000,-2.97100E-009,16.82935E+009,148.55000E-009,1.18309E+000,1792,-30.00000E+000,-280.00000E-012,107.14286E+009,8.40000E-009,1.18309E+000,1792,-30.00000E+000
1,4,27,-52.00000E+000,-3.43400E-009,15.14269E+009,178.56800E-009,1.18707E+000,1792,-30.00000E+000,-867.00000E-012,34.60208E+009,26.01000E-009,1.18707E+000,1792,-30.00000E+000
1,4,28,-54.00000E+000,-2.45400E-009,22.00489E+009,132.51600E-009,1.19105E+000,1792,-30.00000E+000,200.00000E-012,-150.00000E+009,-6.00000E-009,1.19105E+000,1792,-30.00000E+000
1,4,29,-56.00000E+000,-1.60500E-009,34.89097E+009,89.88000E-009,1.19602E+000,1792,-30.00000E+000,1.34100E-009,-22.37136E+009,-40.23000E-009,1.19602E+000,1792,-30.00000E+000
1,4,30,-58.00000E+000,-2.85700E-009,20.30102E+009,165.70600E-009,1.20061E+000,1792,-30.00000E+000,-487.00000E-012,61.60164E+009,14.61000E-009,1.20061E+000,1792,-30.00000E+000
1,4,31,-60.00000E+000,-3.24500E-009,18.48998E+009,194.70000E-009,1.20470E+000,1792,-30.00000E+000,-1.09500E-009,27.39726E+009,32.85000E-009,1.20470E+000,1792,-30.00000E+000
1,4,32,-62.00000E+000,-2.13700E-009,29.01263E+009,132.49400E-009,1.20897E+000,1792,-30.00000E+000,583.00000E-012,-51.45798E+009,-17.49000E-009,1.20897E+000,1792,-30.00000E+000
1,4,33,-64.00000E+000,-1.64200E-009,38.97686E+009,105.08800E-009,1.21297E+000,1792,-30.00000E+000,1.11500E-009,-26.90583E+009,-33.45000E-009,1.21297E+000,1792,-30.00000E+000
1,4,34,-66.00000E+000,-2.86900E-009,23.00453E+009,189.35400E-009,1.21691E+000,1792,-30.00000E+000,-416.00000E-012,72.11538E+009,12.48000E-009,1.21691E+000,1792,-30.00000E+000
1,4,35,-68.00000E+000,-3.36300E-009,20.22004E+009,228.68400E-009,1.22089E+000,1792,-30.00000E+000,-996.00000E-012,30.12048E+009,29.88000E-009,1.22089E+000,1792,-30.00000E+000
1,4,36,-70.00000E+000,-2.41400E-009,28.99751E+009,168.98000E-009,1.22487E+000,1792,-30.00000E+000,514.00000E-012,-58.36576E+009,-15.42000E-009,1.22487E+000,1792,-30.00000E+000
1,4,37,-72.00000E+000,-1.86200E-009,38.66810E+009,134.06400E-009,1.22885E+000,1792,-30.00000E+000,1.60800E-009,-18.65672E+009,-48.24000E-009,1.22885E+000,1792,-30.00000E+000
1,4,38,-74.00000E+000,-3.23500E-009,22.87481E+009,239.39000E-009,1.23280E+000,1792,-30.00000E+000,222.00000E-012,-135.13514E+009,-6.66000E-009,1.23280E+000,1792,-30.00000E+000
1,4,39,-76.00000E+000,-3.92700E-009,19.35320E+009,298.45200E-009,1.23679E+000,1792,-30.00000E+000,-263.00000E-012,114.06844E+009,7.89000E-009,1.23679E+000,1792,-30.00000E+000
1,4,40,-78.00000E+000,-3.34700E-009,23.30445E+009,261.06600E-009,1.24088E+000,1792,-30.00000E+000,1.21800E-009,-24.63054E+009,-36.54000E-009,1.24088E+000,1792,-30.00000E+000
1,4,41,-80.00000E+000,-2.85700E-009,28.00140E+009,228.56000E-009,1.24524E+000,1792,-30.00000E+000,2.57000E-009,-11.67315E+009,-77.10000E-009,1.24524E+000,1792,-30.00000E+000
1,4,42,-82.00000E+000,-4.40700E-009,18.60676E+009,361.37400E-009,1.24940E+000,1792,-30.00000E+000,1.64900E-009,-18.19284E+009,-49.47000E-009,1.24940E+000,1792,-30.00000E+000
1,4,43,-84.00000E+000,-5.48900E-009,15.30333E+009,461.07600E-009,1.25367E+000,1792,-30.00000E+000,1.27000E-009,-23.62205E+009,-38.10000E-009,1.25367E+000,1792,-30.00000E+000
1,4,44,-86.00000E+000,-5.00900E-009,17.16910E+009,430.77400E-009,1.25773E+000,1792,-30.00000E+000,3.05100E-009,-9.83284E+009,-91.53000E-009,1.25773E+000,1792,-30.00000E+000
1,4,45,-88.00000E+000,-4.91800E-009,17.89345E+009,432.78400E-009,1.26170E+000,1792,-30.00000E+000,4.45900E-009,-6.72797E+009,-133.77000E-009,1.26170E+000,1792,-30.00000E+000
1,4,46,-90.00000E+000,-6.51000E-009,13.82488E+009,585.90000E-009,1.26582E+000,1792,-30.00000E+000,3.83200E-009,-7.82881E+009,-114.96000E-009,1.26582E+000,1792,-30.00000E+000
1,4,47,-92.00000E+000,-7.78800E-009,11.81305E+009,716.49600E-009,1.26980E+000,1792,-30.00000E+000,3.99700E-009,-7.50563E+009,-119.91000E-009,1.26980E+000,1792,-30.00000E+000
1,4,48,-94.00000E+000,-7.60400E-009,12.36191E+009,714.77600E-009,1.27377E+000,1792,-30.00000E+000,5.45500E-009,-5.49954E+009,-163.65000E-009,1.27377E+000,1792,-30.00000E+000
1,4,49,-96.00000E+000,-7.85700E-009,12.21840E+009,754.27200E-009,1.27775E+000,1792,-30.00000E+000,6.92100E-009,-4.33463E+009,-207.63000E-009,1.27775E+000,1792,-30.00000E+000
1,4,50,-98.00000E+000,-9.19100E-009,10.66260E+009,900.71800E-009,1.28172E+000,1792,-30.00000E+000,6.80300E-009,-4.40982E+009,-204.09000E-009,1.28172E+000,1792,-30.00000E+000
1,4,51,-100.00000E+000,-10.11600E-009,9.88533E+009,1.01160E-006,1.28660E+000,1792,-30.00000E+000,6.13800E-009,-4.88759E+009,-184.14000E-009,1.28660E+000,1792,-30.00000E+000
1,5,1,500.00000E-009,3.31200E-009,150.96618E+000,1.65600E-015,1.46192E+000,1600,-40.00000E+000,-1.86300E-009,21.47075E+009,74.52000E-009,1.46192E+000,1792,-40.00000E+000
1,5,2,-2.00000E+000,119.00000E-012,-16.80675E+009,-238.00036E-012,1.46678E+000,1664,-40.00000E+000,-1.64400E-009,24.33090E+009,65.76000E-009,1.46678E+000,1792,-40.00000E+000
1,5,3,-4.00000E+000,-897.00000E-012,4.45931E+009,3.58800E-009,1.47110E+000,1728,-40.00000E+000,-1.83100E-009,21.84599E+009,73.24000E-009,1.47110E+000,1792,-40.00000E+000
1,5,4,-6.00000E+000,58.00000E-012,-103.44828E+009,-348.00000E-012,1.47506E+000,1728,-40.00000E+000,-415.00000E-012,96.38554E+009,16.60000E-009,1.47506E+000,1792,-40.00000E+000
1,5,5,-8.00000E+000,284.00000E-012,-28.16901E+009,-2.27200E-009,1.47923E+000,1728,-40.00000E+000,661.00000E-012,-60.51437E+009,-26.44000E-009,1.47923E+000,1792,-40.00000E+000
1,5,6,-10.00000E+000,-2.34100E-009,4.27168E+009,23.41000E-009,1.48375E+000,1728,-40.00000E+000,-358.00000E-012,111.73184E+009,14.32000E-009,1.48375E+000,1792,-40.00000E+000
1,5,7,-12.00000E+000,-9.75800E-009,1.22976E+009,117.09600E-009,1.48788E+000,1728,-40.00000E+000,5.05000E-009,-7.92079E+009,-202.00000E-009,1.48788E+000,1792,-40.00000E+000
1,5,8,-14.00001E+000,-12.97100E-009,1.07933E+009,181.59413E-009,1.49212E+000,1728,-40.00000E+000,9.80600E-009,-4.07914E+009,-392.24000E-009,1.49212E+000,1792,-40.00000E+000
1,5,9,-16.00000E+000,-14.49200E-009,1.10406E+009,231.87200E-009,1.49612E+000,1728,-40.00000E+000,11.84400E-009,-3.37724E+009,-473.76000E-009,1.49612E+000,1792,-40.00000E+000
1,5,10,-18.00001E+000,-16.72100E-009,1.07649E+009,300.97817E-009,1.50014E+000,1728,-40.00000E+000,10.26900E-009,-3.89522E+009,-410.76000E-009,1.50014E+000,1792,-40.00000E+000
1,5,11,-20.00001E+000,-17.54100E-009,1.14019E+009,350.82018E-009,1.50410E+000,1728,-40.00000E+000,9.03700E-009,-4.42625E+009,-361.48000E-009,1.50410E+000,1792,-40.00000E+000
1,5,12,-22.00000E+000,-15.97700E-009,1.37698E+009,351.49400E-009,1.50828E+000,1792,-40.00000E+000,9.34400E-009,-4.28082E+009,-373.76000E-009,1.50828E+000,1792,-40.00000E+000
1,5,13,-24.00000E+000,-13.96900E-009,1.71809E+009,335.25600E-009,1.51230E+000,1792,-40.00000E+000,9.38100E-009,-4.26394E+009,-375.24000E-009,1.51230E+000,1792,-40.00000E+000
1,5,14,-26.00000E+000,-13.48200E-009,1.92850E+009,350.53200E-009,1.51626E+000,1792,-40.00000E+000,6.22600E-009,-6.42467E+009,-249.04000E-009,1.51626E+000,1792,-40.00000E+000
1,5,15,-28.00000E+000,-12.75700E-009,2.19487E+009,357.19600E-009,1.52024E+000,1792,-40.00000E+000,4.24700E-009,-9.41841E+009,-169.88000E-009,1.52024E+000,1792,-40.00000E+000
1,5,16,-30.00000E+000,-10.54200E-009,2.84576E+009,316.26000E-009,1.52421E+000,1792,-40.00000E+000,4.24300E-009,-9.42729E+009,-169.72000E-009,1.52421E+000,1792,-40.00000E+000
1,5,17,-32.00000E+000,-8.53200E-009,3.75059E+009,273.02400E-009,1.52830E+000,1792,-40.00000E+000,4.18000E-009,-9.56938E+009,-167.20000E-009,1.52830E+000,1792,-40.00000E+000
1,5,18,-34.00000E+000,-8.74200E-009,3.88927E+009,297.22800E-009,1.53255E+000,1792,-40.00000E+000,2.13000E-009,-18.77934E+009,-85.20000E-009,1.53255E+000,1792,-40.00000E+000
1,5,19,-36.00000E+000,-8.93600E-009,4.02865E+009,321.69600E-009,1.53669E+000,1792,-40.00000E+000,1.29600E-009,-30.86420E+009,-51.84000E-009,1.53669E+000,1792,-40.00000E+000
1,5,20,-38.00000E+000,-7.29000E-009,5.21262E+009,277.02000E-009,1.54076E+000,1792,-40.00000E+000,1.77500E-009,-22.53521E+009,-71.00000E-009,1.54076E+000,1792,-40.00000E+000
1,5,21,-40.00000E+000,-5.87700E-009,6.80619E+009,235.08000E-009,1.54524E+000,1792,-40.00000E+000,2.30100E-009,-17.38375E+009,-92.04000E-009,1.54524E+000,1792,-40.00000E+000
1,5,22,-42.00000E+000,-6.77000E-009,6.20384E+009,284.34000E-009,1.54922E+000,1792,-40.00000E+000,946.00000E-012,-42.28330E+009,-37.84000E-009,1.54922E+000,1792,-40.00000E+000
1,5,23,-44.00000E+000,-6.87300E-009,6.40186E+009,302.41200E-009,1.55320E+000,1792,-40.00000E+000,118.00000E-012,-338.98305E+009,-4.72000E-009,1.55320E+000,1792,-40.00000E+000
1,5,24,-46.00000E+000,-5.96400E-009,7.71294E+009,274.34400E-009,1.55716E+000,1792,-40.00000E+000,871.00000E-012,-45.92423E+009,-34.84000E-009,1.55716E+000,1792,-40.00000E+000
1,5,25,-48.00000E+000,-5.21300E-009,9.20775E+009,250.22400E-009,1.56118E+000,1792,-40.00000E+000,1.48800E-009,-26.88172E+009,-59.52000E-009,1.56118E+000,1792,-40.00000E+000
1,5,26,-50.00000E+000,-5.57200E-009,8.97344E+009,278.60000E-009,1.56514E+000,1792,-40.00000E+000,667.00000E-012,-59.97001E+009,-26.68000E-009,1.56514E+000,1792,-40.00000E+000
1,5,27,-52.00000E+000,-5.94500E-009,8.74685E+009,309.14000E-009,1.56909E+000,1792,-40.00000E+000,-2.00000E-012,20.00000E+012,80.00000E-012,1.56909E+000,1792,-40.00000E+000
1,5,28,-54.00000E+000,-5.19800E-009,10.38861E+009,280.69200E-009,1.57304E+000,1792,-40.00000E+000,440.00000E-012,-90.90909E+009,-17.60000E-009,1.57304E+000,1792,-40.00000E+000
1,5,29,-56.00000E+000,-4.57600E-009,12.23776E+009,256.25600E-009,1.57739E+000,1792,-40.00000E+000,1.01300E-009,-39.48667E+009,-40.52000E-009,1.57739E+000,1792,-40.00000E+000
1,5,30,-58.00000E+000,-5.19900E-009,11.15599E+009,301.54200E-009,1.58166E+000,1792,-40.00000E+000,238.00000E-012,-168.06723E+009,-9.52000E-009,1.58166E+000,1792,-40.00000E+000
1,5,31,-60.00000E+000,-5.53900E-009,10.83228E+009,332.34000E-009,1.58580E+000,1792,-40.00000E+000,-223.00000E-012,179.37220E+009,8.92000E-009,1.58580E+000,1792,-40.00000E+000
1,5,32,-62.00000E+000,-5.00400E-009,12.39009E+009,310.24800E-009,1.59028E+000,1792,-40.00000E+000,346.00000E-012,-115.60694E+009,-13.84000E-009,1.59028E+000,1792,-40.00000E+000
1,5,33,-64.00000E+000,-4.42400E-009,14.46655E+009,283.13600E-009,1.59426E+000,1792,-40.00000E+000,1.05400E-009,-37.95066E+009,-42.16000E-009,1.59426E+000,1792,-40.00000E+000
1,5,34,-66.00000E+000,-4.75800E-009,13.87137E+009,314.02800E-009,1.59821E+000,1792,-40.00000E+000,320.00000E-012,-125.00000E+009,-12.80000E-009,1.59821E+000,1792,-40.00000E+000
1,5,35,-68.00000E+000,-5.12600E-009,13.26570E+009,348.56800E-009,1.60216E+000,1792,-40.00000E+000,-243.00000E-012,164.60905E+009,9.72000E-009,1.60216E+000,1792,-40.00000E+000
1,5,36,-70.00000E+000,-5.00200E-009,13.99440E+009,350.14000E-009,1.60611E+000,1792,-40.00000E+000,-23.00000E-012,1.73913E+012,920.00000E-012,1.60611E+000,1792,-40.00000E+000
1,5,37,-72.00000E+000,-4.51800E-009,15.93625E+009,325.29600E-009,1.61008E+000,1792,-40.00000E+000,807.00000E-012,-49.56629E+009,-32.28000E-009,1.61008E+000,1792,-40.00000E+000
1,5,38,-74.00000E+000,-4.56600E-009,16.20675E+009,337.88400E-009,1.61411E+000,1792,-40.00000E+000,719.00000E-012,-55.63282E+009,-28.76000E-009,1.61411E+000,1792,-40.00000E+000
1,5,39,-76.00000E+000,-5.16900E-009,14.70304E+009,392.84400E-009,1.61807E+000,1792,-40.00000E+000,-201.00000E-012,199.00498E+009,8.04000E-009,1.61807E+000,1792,-40.00000E+000
1,5,40,-78.00000E+000,-5.60500E-009,13.91615E+009,437.19000E-009,1.62204E+000,1792,-40.00000E+000,-13.00000E-012,3.07692E+012,520.00000E-012,1.62204E+000,1792,-40.00000E+000
1,5,41,-80.00000E+000,-4.62000E-009,17.31602E+009,369.60000E-009,1.62603E+000,1792,-40.00000E+000,1.32000E-009,-30.30303E+009,-52.80000E-009,1.62603E+000,1792,-40.00000E+000
1,5,42,-82.00000E+000,-4.55400E-009,18.00615E+009,373.42800E-009,1.63000E+000,1792,-40.00000E+000,1.79800E-009,-22.24694E+009,-71.92000E-009,1.63000E+000,1792,-40.00000E+000
1,5,43,-84.00000E+000,-6.03900E-009,13.90959E+009,507.27600E-009,1.63398E+000,1792,-40.00000E+000,861.00000E-012,-46.45761E+009,-34.44000E-009,1.63398E+000,1792,-40.00000E+000
1,5,44,-86.00000E+000,-6.68900E-009,12.85693E+009,575.25400E-009,1.63801E+000,1792,-40.00000E+000,741.00000E-012,-53.98111E+009,-29.64000E-009,1.63801E+000,1792,-40.00000E+000
1,5,45,-88.00000E+000,-5.83200E-009,15.08916E+009,513.21600E-009,1.64197E+000,1792,-40.00000E+000,2.57000E-009,-15.56420E+009,-102.80000E-009,1.64197E+000,1792,-40.00000E+000
1,5,46,-90.00000E+000,-5.62900E-009,15.98863E+009,506.61000E-009,1.64595E+000,1792,-40.00000E+000,3.97400E-009,-10.06543E+009,-158.96000E-009,1.64595E+000,1792,-40.00000E+000
1,5,47,-92.00000E+000,-7.43900E-009,12.36725E+009,684.38800E-009,1.64993E+000,1792,-40.00000E+000,2.73800E-009,-14.60920E+009,-109.52000E-009,1.64993E+000,1792,-40.00000E+000
1,5,48,-94.00000E+000,-8.59100E-009,10.94168E+009,807.55400E-009,1.65391E+000,1792,-40.00000E+000,2.18300E-009,-18.32341E+009,-87.32000E-009,1.65391E+000,1792,-40.00000E+000
1,5,49,-96.00000E+000,-8.58800E-009,11.17839E+009,824.44800E-009,1.65788E+000,1792,-40.00000E+000,4.38300E-009,-9.12617E+009,-175.32000E-009,1.65788E+000,1792,-40.00000E+000
1,5,50,-98.00000E+000,-8.71600E-009,11.24369E+009,854.16800E-009,1.66184E+000,1792,-40.00000E+000,6.11800E-009,-6.53808E+009,-244.72000E-009,1.66184E+000,1792,-40.00000E+000
1,5,51,-100.00000E+000,-10.06400E-009,9.93641E+009,1.00640E-006,1.66592E+000,1792,-40.00000E+000,5.46000E-009,-7.32601E+009,-218.40000E-009,1.66592E+000,1792,-40.00000E+000
1,6,1,1.30000E-006,3.52500E-009,368.79433E+000,4.58250E-015,1.84729E+000,1600,-50.00000E+000,-3.39300E-009,14.73622E+009,169.65000E-009,1.84729E+000,1792,-50.00000E+000
1,6,2,-2.00000E+000,180.00000E-012,-11.11112E+009,-360.00018E-012,1.85236E+000,1664,-50.00000E+000,-2.03000E-009,24.63054E+009,101.50000E-009,1.85236E+000,1792,-50.00000E+000
1,6,3,-4.00000E+000,21.00000E-012,-190.47619E+009,-84.00000E-012,1.85690E+000,1728,-50.00000E+000,-920.00000E-012,54.34783E+009,46.00000E-009,1.85690E+000,1792,-50.00000E+000
1,6,4,-6.00000E+000,324.00000E-012,-18.51852E+009,-1.94400E-009,1.86090E+000,1728,-50.00000E+000,-252.00000E-012,198.41270E+009,12.60000E-009,1.86090E+000,1792,-50.00000E+000
1,6,5,-8.00000E+000,-599.00000E-012,13.35559E+009,4.79200E-009,1.86488E+000,1728,-50.00000E+000,-673.00000E-012,74.29421E+009,33.65000E-009,1.86488E+000,1792,-50.00000E+000
1,6,6,-10.00000E+000,-2.04600E-009,4.88759E+009,20.46000E-009,1.86884E+000,1728,-50.00000E+000,-910.00000E-012,54.94505E+009,45.50000E-009,1.86884E+000,1792,-50.00000E+000
1,6,7,-12.00000E+000,-9.58900E-009,1.25143E+009,115.06800E-009,1.87285E+000,1728,-50.00000E+000,6.03500E-009,-8.28500E+009,-301.75000E-009,1.87285E+000,1792,-50.00000E+000
1,6,8,-14.00001E+000,-15.09400E-009,927.52153E+006,211.31615E-009,1.87683E+000,1728,-50.00000E+000,11.13300E-009,-4.49115E+009,-556.65000E-009,1.87683E+000,1792,-50.00000E+000
1,6,9,-16.00001E+000,-19.12500E-009,836.60183E+006,306.00019E-009,1.88081E+000,1728,-50.00000E+000,13.14300E-009,-3.80431E+009,-657.15000E-009,1.88081E+000,1792,-50.00000E+000
1,6,10,-18.00001E+000,-21.78300E-009,826.33292E+006,392.09422E-009,1.88497E+000,1728,-50.00000E+000,12.70100E-009,-3.93670E+009,-635.05000E-009,1.88497E+000,1792,-50.00000E+000
1,6,11,-20.00001E+000,-22.00300E-009,908.96741E+006,440.06022E-009,1.88939E+000,1728,-50.00000E+000,12.73800E-009,-3.92526E+009,-636.90000E-009,1.88939E+000,1792,-50.00000E+000
1,6,12,-22.00000E+000,-21.71000E-009,1.01336E+009,477.62000E-009,1.89376E+000,1792,-50.00000E+000,12.84300E-009,-3.89317E+009,-642.15000E-009,1.89376E+000,1792,-50.00000E+000
1,6,13,-24.00000E+000,-21.62500E-009,1.10983E+009,519.00000E-009,1.89784E+000,1792,-50.00000E+000,11.65700E-009,-4.28927E+009,-582.85000E-009,1.89784E+000,1792,-50.00000E+000
1,6,14,-26.00000E+000,-21.42200E-009,1.21371E+009,556.97200E-009,1.90183E+000,1792,-50.00000E+000,9.75700E-009,-5.12453E+009,-487.85000E-009,1.90183E+000,1792,-50.00000E+000
1,6,15,-28.00000E+000,-20.45200E-009,1.36906E+009,572.65600E-009,1.90579E+000,1792,-50.00000E+000,8.54400E-009,-5.85206E+009,-427.20000E-009,1.90579E+000,1792,-50.00000E+000
1,6,16,-30.00000E+000,-18.73000E-009,1.60171E+009,561.90000E-009,1.90976E+000,1792,-50.00000E+000,8.22300E-009,-6.08051E+009,-411.15000E-009,1.90976E+000,1792,-50.00000E+000
1,6,17,-32.00000E+000,-16.48700E-009,1.94092E+009,527.58400E-009,1.91395E+000,1792,-50.00000E+000,6.73900E-009,-7.41950E+009,-336.95000E-009,1.91395E+000,1792,-50.00000E+000
1,6,18,-34.00000E+000,-16.17400E-009,2.10214E+009,549.91600E-009,1.91793E+000,1792,-50.00000E+000,4.47100E-009,-11.18318E+009,-223.55000E-009,1.91793E+000,1792,-50.00000E+000
1,6,19,-36.00000E+000,-15.01600E-009,2.39744E+009,540.57600E-009,1.92191E+000,1792,-50.00000E+000,3.67900E-009,-13.59065E+009,-183.95000E-009,1.92191E+000,1792,-50.00000E+000
1,6,20,-38.00000E+000,-13.79700E-009,2.75422E+009,524.28600E-009,1.92602E+000,1792,-50.00000E+000,4.11400E-009,-12.15362E+009,-205.70000E-009,1.92602E+000,1792,-50.00000E+000
1,6,21,-40.00000E+000,-12.86000E-009,3.11042E+009,514.40000E-009,1.93053E+000,1792,-50.00000E+000,3.58300E-009,-13.95479E+009,-179.15000E-009,1.93053E+000,1792,-50.00000E+000
1,6,22,-42.00000E+000,-13.19000E-009,3.18423E+009,553.98000E-009,1.93462E+000,1792,-50.00000E+000,2.07100E-009,-24.14293E+009,-103.55000E-009,1.93462E+000,1792,-50.00000E+000
1,6,23,-44.00000E+000,-12.58000E-009,3.49762E+009,553.52000E-009,1.93903E+000,1792,-50.00000E+000,2.02800E-009,-24.65483E+009,-101.40000E-009,1.93903E+000,1792,-50.00000E+000
1,6,24,-46.00000E+000,-11.16900E-009,4.11854E+009,513.77400E-009,1.94303E+000,1792,-50.00000E+000,2.77600E-009,-18.01153E+009,-138.80000E-009,1.94303E+000,1792,-50.00000E+000
1,6,25,-48.00000E+000,-10.55300E-009,4.54847E+009,506.54400E-009,1.94701E+000,1792,-50.00000E+000,2.37700E-009,-21.03492E+009,-118.85000E-009,1.94701E+000,1792,-50.00000E+000
1,6,26,-50.00000E+000,-10.94700E-009,4.56746E+009,547.35000E-009,1.95098E+000,1792,-50.00000E+000,1.09700E-009,-45.57885E+009,-54.85000E-009,1.95098E+000,1792,-50.00000E+000
1,6,27,-52.00000E+000,-11.17200E-009,4.65449E+009,580.94400E-009,1.95494E+000,1792,-50.00000E+000,514.00000E-012,-97.27626E+009,-25.70000E-009,1.95494E+000,1792,-50.00000E+000
1,6,28,-54.00000E+000,-9.88200E-009,5.46448E+009,533.62800E-009,1.95892E+000,1792,-50.00000E+000,1.71600E-009,-29.13753E+009,-85.80000E-009,1.95892E+000,1792,-50.00000E+000
1,6,29,-56.00000E+000,-9.07200E-009,6.17284E+009,508.03200E-009,1.96289E+000,1792,-50.00000E+000,2.23900E-009,-22.33140E+009,-111.95000E-009,1.96289E+000,1792,-50.00000E+000
1,6,30,-58.00000E+000,-10.19200E-009,5.69074E+009,591.13600E-009,1.96687E+000,1792,-50.00000E+000,591.00000E-012,-84.60237E+009,-29.55000E-009,1.96687E+000,1792,-50.00000E+000
1,6,31,-60.00000E+000,-10.43900E-009,5.74768E+009,626.34000E-009,1.97105E+000,1792,-50.00000E+000,-186.00000E-012,268.81720E+009,9.30000E-009,1.97105E+000,1792,-50.00000E+000
1,6,32,-62.00000E+000,-9.00900E-009,6.88201E+009,558.55800E-009,1.97564E+000,1792,-50.00000E+000,1.30500E-009,-38.31418E+009,-65.25000E-009,1.97564E+000,1792,-50.00000E+000
1,6,33,-64.00000E+000,-8.37200E-009,7.64453E+009,535.80800E-009,1.97982E+000,1792,-50.00000E+000,1.69500E-009,-29.49853E+009,-84.75000E-009,1.97982E+000,1792,-50.00000E+000
1,6,34,-66.00000E+000,-9.54000E-009,6.91824E+009,629.64000E-009,1.98391E+000,1792,-50.00000E+000,195.00000E-012,-256.41026E+009,-9.75000E-009,1.98391E+000,1792,-50.00000E+000
1,6,35,-68.00000E+000,-9.55300E-009,7.11818E+009,649.60400E-009,1.98801E+000,1792,-50.00000E+000,-322.00000E-012,155.27950E+009,16.10000E-009,1.98801E+000,1792,-50.00000E+000
1,6,36,-70.00000E+000,-8.17900E-009,8.55850E+009,572.53000E-009,1.99201E+000,1792,-50.00000E+000,1.01700E-009,-49.16421E+009,-50.85000E-009,1.99201E+000,1792,-50.00000E+000
1,6,37,-72.00000E+000,-7.07700E-009,10.17380E+009,509.54400E-009,1.99598E+000,1792,-50.00000E+000,1.88600E-009,-26.51113E+009,-94.30000E-009,1.99598E+000,1792,-50.00000E+000
1,6,38,-74.00000E+000,-8.17000E-009,9.05753E+009,604.58000E-009,1.99995E+000,1792,-50.00000E+000,317.00000E-012,-157.72871E+009,-15.85000E-009,1.99995E+000,1792,-50.00000E+000
1,6,39,-76.00000E+000,-8.69500E-009,8.74066E+009,660.82000E-009,2.00392E+000,1792,-50.00000E+000,-603.00000E-012,82.91874E+009,30.15000E-009,2.00392E+000,1792,-50.00000E+000
1,6,40,-78.00000E+000,-8.04400E-009,9.69667E+009,627.43200E-009,2.00789E+000,1792,-50.00000E+000,878.00000E-012,-56.94761E+009,-43.90000E-009,2.00789E+000,1792,-50.00000E+000
1,6,41,-80.00000E+000,-7.07900E-009,11.30103E+009,566.32000E-009,2.01186E+000,1792,-50.00000E+000,1.80300E-009,-27.73156E+009,-90.15000E-009,2.01186E+000,1792,-50.00000E+000
1,6,42,-82.00000E+000,-8.04400E-009,10.19393E+009,659.60800E-009,2.01583E+000,1792,-50.00000E+000,695.00000E-012,-71.94245E+009,-34.75000E-009,2.01583E+000,1792,-50.00000E+000
1,6,43,-84.00000E+000,-8.55400E-009,9.81997E+009,718.53600E-009,2.02019E+000,1792,-50.00000E+000,54.00000E-012,-925.92593E+009,-2.70000E-009,2.02019E+000,1792,-50.00000E+000
1,6,44,-86.00000E+000,-7.91700E-009,10.86270E+009,680.86200E-009,2.02433E+000,1792,-50.00000E+000,1.44600E-009,-34.57815E+009,-72.30000E-009,2.02433E+000,1792,-50.00000E+000
1,6,45,-88.00000E+000,-7.50500E-009,11.72552E+009,660.44000E-009,2.02850E+000,1792,-50.00000E+000,2.33700E-009,-21.39495E+009,-116.85000E-009,2.02850E+000,1792,-50.00000E+000
1,6,46,-90.00000E+000,-9.03400E-009,9.96236E+009,813.06000E-009,2.03314E+000,1792,-50.00000E+000,1.39600E-009,-35.81662E+009,-69.80000E-009,2.03314E+000,1792,-50.00000E+000
1,6,47,-92.00000E+000,-9.68900E-009,9.49530E+009,891.38800E-009,2.03715E+000,1792,-50.00000E+000,1.27800E-009,-39.12363E+009,-63.90000E-009,2.03715E+000,1792,-50.00000E+000
1,6,48,-94.00000E+000,-9.25800E-009,10.15338E+009,870.25200E-009,2.04110E+000,1792,-50.00000E+000,2.87300E-009,-17.40341E+009,-143.65000E-009,2.04110E+000,1792,-50.00000E+000
1,6,49,-96.00000E+000,-8.82500E-009,10.87819E+009,847.20000E-009,2.04508E+000,1792,-50.00000E+000,4.39200E-009,-11.38434E+009,-219.60000E-009,2.04508E+000,1792,-50.00000E+000
1,6,50,-98.00000E+000,-10.26100E-009,9.55073E+009,1.00558E-006,2.04906E+000,1792,-50.00000E+000,3.59200E-009,-13.91982E+009,-179.60000E-009,2.04906E+000,1792,-50.00000E+000
1,6,51,-100.00000E+000,-11.34200E-009,8.81679E+009,1.13420E-006,2.05303E+000,1792,-50.00000E+000,3.25700E-009,-15.35155E+009,-162.85000E-009,2.05303E+000,1792,-50.00000E+000
1,7,1,300.00000E-009,4.54600E-009,65.99208E+000,1.36380E-015,2.19307E+000,1600,-60.00000E+000,-4.38600E-009,13.67989E+009,263.16000E-009,2.19307E+000,1792,-60.00000E+000
1,7,2,-2.00000E+000,989.00000E-012,-2.02224E+009,-1.97800E-009,2.19802E+000,1664,-60.00000E+000,-1.77500E-009,33.80282E+009,106.50000E-009,2.19802E+000,1792,-60.00000E+000
1,7,3,-4.00000E+000,-259.00000E-012,15.44402E+009,1.03600E-009,2.20223E+000,1728,-60.00000E+000,-1.76000E-009,34.09091E+009,105.60000E-009,2.20223E+000,1792,-60.00000E+000
1,7,4,-6.00000E+000,-260.00000E-012,23.07692E+009,1.56000E-009,2.20618E+000,1728,-60.00000E+000,-1.21700E-009,49.30156E+009,73.02000E-009,2.20618E+000,1792,-60.00000E+000
1,7,5,-8.00000E+000,-150.00000E-012,53.33333E+009,1.20000E-009,2.21014E+000,1728,-60.00000E+000,-543.00000E-012,110.49724E+009,32.58000E-009,2.21014E+000,1792,-60.00000E+000
1,7,6,-10.00000E+000,-1.24400E-009,8.03859E+009,12.44000E-009,2.21411E+000,1728,-60.00000E+000,-504.00000E-012,119.04762E+009,30.24000E-009,2.21411E+000,1792,-60.00000E+000
1,7,7,-12.00000E+000,-6.32300E-009,1.89783E+009,75.87600E-009,2.21807E+000,1728,-60.00000E+000,1.04100E-009,-57.63689E+009,-62.46000E-009,2.21807E+000,1792,-60.00000E+000
1,7,8,-14.00001E+000,-14.97200E-009,935.07948E+006,209.60815E-009,2.22205E+000,1728,-60.00000E+000,7.62000E-009,-7.87402E+009,-457.20000E-009,2.22205E+000,1792,-60.00000E+000
1,7,9,-16.00001E+000,-19.98200E-009,800.72115E+006,319.71220E-009,2.22631E+000,1728,-60.00000E+000,12.45200E-009,-4.81850E+009,-747.12000E-009,2.22631E+000,1792,-60.00000E+000
1,7,10,-18.00001E+000,-24.22400E-009,743.06514E+006,436.03224E-009,2.23054E+000,1728,-60.00000E+000,14.17200E-009,-4.23370E+009,-850.32000E-009,2.23054E+000,1792,-60.00000E+000
1,7,11,-20.00001E+000,-27.89600E-009,716.94902E+006,557.92028E-009,2.23551E+000,1728,-60.00000E+000,13.34600E-009,-4.49573E+009,-800.76000E-009,2.23551E+000,1792,-60.00000E+000
1,7,12,-22.00000E+000,-28.87300E-009,761.95754E+006,635.20600E-009,2.24032E+000,1792,-60.00000E+000,13.85200E-009,-4.33150E+009,-831.12000E-009,2.24032E+000,1792,-60.00000E+000
1,7,13,-24.00000E+000,-29.96200E-009,801.01462E+006,719.08800E-009,2.24430E+000,1792,-60.00000E+000,14.65400E-009,-4.09445E+009,-879.24000E-009,2.24430E+000,1792,-60.00000E+000
1,7,14,-26.00000E+000,-30.58600E-009,850.06212E+006,795.23600E-009,2.24827E+000,1792,-60.00000E+000,13.31900E-009,-4.50484E+009,-799.14000E-009,2.24827E+000,1792,-60.00000E+000
1,7,15,-28.00000E+000,-30.64000E-009,913.83812E+006,857.92000E-009,2.25223E+000,1792,-60.00000E+000,11.66500E-009,-5.14359E+009,-699.90000E-009,2.25223E+000,1792,-60.00000E+000
1,7,16,-30.00000E+000,-29.05500E-009,1.03252E+009,871.65000E-009,2.25619E+000,1792,-60.00000E+000,10.81800E-009,-5.54631E+009,-649.08000E-009,2.25619E+000,1792,-60.00000E+000
1,7,17,-32.00000E+000,-27.59200E-009,1.15976E+009,882.94400E-009,2.26020E+000,1792,-60.00000E+000,9.83000E-009,-6.10376E+009,-589.80000E-009,2.26020E+000,1792,-60.00000E+000
1,7,18,-34.00000E+000,-26.18300E-009,1.29855E+009,890.22200E-009,2.26416E+000,1792,-60.00000E+000,8.61600E-009,-6.96379E+009,-516.96000E-009,2.26416E+000,1792,-60.00000E+000
1,7,19,-36.00000E+000,-25.42900E-009,1.41571E+009,915.44400E-009,2.26825E+000,1792,-60.00000E+000,6.56200E-009,-9.14355E+009,-393.72000E-009,2.26825E+000,1792,-60.00000E+000
1,7,20,-38.00000E+000,-23.10600E-009,1.64459E+009,878.02800E-009,2.27275E+000,1792,-60.00000E+000,5.88800E-009,-10.19022E+009,-353.28000E-009,2.27275E+000,1792,-60.00000E+000
1,7,21,-40.00000E+000,-21.61700E-009,1.85040E+009,864.68000E-009,2.27684E+000,1792,-60.00000E+000,5.87800E-009,-10.20755E+009,-352.68000E-009,2.27684E+000,1792,-60.00000E+000
1,7,22,-42.00000E+000,-20.78700E-009,2.02049E+009,873.05400E-009,2.28140E+000,1792,-60.00000E+000,4.36000E-009,-13.76147E+009,-261.60000E-009,2.28140E+000,1792,-60.00000E+000
1,7,23,-44.00000E+000,-20.53400E-009,2.14279E+009,903.49600E-009,2.28541E+000,1792,-60.00000E+000,3.34300E-009,-17.94795E+009,-200.58000E-009,2.28541E+000,1792,-60.00000E+000
1,7,24,-46.00000E+000,-19.65500E-009,2.34037E+009,904.13000E-009,2.28938E+000,1792,-60.00000E+000,3.28600E-009,-18.25928E+009,-197.16000E-009,2.28938E+000,1792,-60.00000E+000
1,7,25,-48.00000E+000,-17.95200E-009,2.67380E+009,861.69600E-009,2.29343E+000,1792,-60.00000E+000,3.83200E-009,-15.65762E+009,-229.92000E-009,2.29343E+000,1792,-60.00000E+000
1,7,26,-50.00000E+000,-17.31700E-009,2.88734E+009,865.85000E-009,2.29740E+000,1792,-60.00000E+000,3.22500E-009,-18.60465E+009,-193.50000E-009,2.29740E+000,1792,-60.00000E+000
1,7,27,-52.00000E+000,-17.63100E-009,2.94935E+009,916.81200E-009,2.30137E+000,1792,-60.00000E+000,2.14600E-009,-27.95899E+009,-128.76000E-009,2.30137E+000,1792,-60.00000E+000
1,7,28,-54.00000E+000,-16.77100E-009,3.21984E+009,905.63400E-009,2.30539E+000,1792,-60.00000E+000,1.66600E-009,-36.01441E+009,-99.96000E-009,2.30539E+000,1792,-60.00000E+000
1,7,29,-56.00000E+000,-15.80100E-009,3.54408E+009,884.85600E-009,2.30936E+000,1792,-60.00000E+000,2.58300E-009,-23.22880E+009,-154.98000E-009,2.30936E+000,1792,-60.00000E+000
1,7,30,-58.00000E+000,-15.47400E-009,3.74822E+009,897.49200E-009,2.31346E+000,1792,-60.00000E+000,2.96600E-009,-20.22927E+009,-177.96000E-009,2.31346E+000,1792,-60.00000E+000
1,7,31,-60.00000E+000,-15.62000E-009,3.84123E+009,937.20000E-009,2.31805E+000,1792,-60.00000E+000,1.27300E-009,-47.13276E+009,-76.38000E-009,2.31805E+000,1792,-60.00000E+000
1,7,32,-62.00000E+000,-15.52500E-009,3.99356E+009,962.55000E-009,2.32220E+000,1792,-60.00000E+000,1.07400E-009,-55.86592E+009,-64.44000E-009,2.32220E+000,1792,-60.00000E+000
1,7,33,-64.00000E+000,-14.65700E-009,4.36651E+009,938.04800E-009,2.32631E+000,1792,-60.00000E+000,2.09400E-009,-28.65330E+009,-125.64000E-009,2.32631E+000,1792,-60.00000E+000
1,7,34,-66.00000E+000,-14.00400E-009,4.71294E+009,924.26400E-009,2.33037E+000,1792,-60.00000E+000,2.07400E-009,-28.92960E+009,-124.44000E-009,2.33037E+000,1792,-60.00000E+000
1,7,35,-68.00000E+000,-14.88400E-009,4.56866E+009,1.01211E-006,2.33435E+000,1792,-60.00000E+000,700.00000E-012,-85.71429E+009,-42.00000E-009,2.33435E+000,1792,-60.00000E+000
1,7,36,-70.00000E+000,-15.19900E-009,4.60557E+009,1.06393E-006,2.33832E+000,1792,-60.00000E+000,149.00000E-012,-402.68456E+009,-8.94000E-009,2.33832E+000,1792,-60.00000E+000
1,7,37,-72.00000E+000,-14.17900E-009,5.07793E+009,1.02089E-006,2.34230E+000,1792,-60.00000E+000,1.72400E-009,-34.80278E+009,-103.44000E-009,2.34230E+000,1792,-60.00000E+000
1,7,38,-74.00000E+000,-13.30800E-009,5.56057E+009,984.79200E-009,2.34627E+000,1792,-60.00000E+000,2.22900E-009,-26.91790E+009,-133.74000E-009,2.34627E+000,1792,-60.00000E+000
1,7,39,-76.00000E+000,-14.41300E-009,5.27302E+009,1.09539E-006,2.35025E+000,1792,-60.00000E+000,771.00000E-012,-77.82101E+009,-46.26000E-009,2.35025E+000,1792,-60.00000E+000
1,7,40,-78.00000E+000,-14.70100E-009,5.30576E+009,1.14668E-006,2.35418E+000,1792,-60.00000E+000,-39.00000E-012,1.53846E+012,2.34000E-009,2.35418E+000,1792,-60.00000E+000
1,7,41,-80.00000E+000,-13.07600E-009,6.11808E+009,1.04608E-006,2.35816E+000,1792,-60.00000E+000,1.25400E-009,-47.84689E+009,-75.24000E-009,2.35816E+000,1792,-60.00000E+000
1,7,42,-82.00000E+000,-12.19600E-009,6.72352E+009,1.00007E-006,2.36224E+000,1792,-60.00000E+000,2.29200E-009,-26.17801E+009,-137.52000E-009,2.36224E+000,1792,-60.00000E+000
1,7,43,-84.00000E+000,-13.42600E-009,6.25652E+009,1.12778E-006,2.36641E+000,1792,-60.00000E+000,850.00000E-012,-70.58824E+009,-51.00000E-009,2.36641E+000,1792,-60.00000E+000
1,7,44,-86.00000E+000,-14.07900E-009,6.10839E+009,1.21079E-006,2.37097E+000,1792,-60.00000E+000,159.00000E-012,-377.35849E+009,-9.54000E-009,2.37097E+000,1792,-60.00000E+000
1,7,45,-88.00000E+000,-12.66800E-009,6.94664E+009,1.11478E-006,2.37512E+000,1792,-60.00000E+000,1.46500E-009,-40.95563E+009,-87.90000E-009,2.37512E+000,1792,-60.00000E+000
1,7,46,-90.00000E+000,-12.24600E-009,7.34934E+009,1.10214E-006,2.37959E+000,1792,-60.00000E+000,2.37900E-009,-25.22068E+009,-142.74000E-009,2.37959E+000,1792,-60.00000E+000
1,7,47,-92.00000E+000,-13.65100E-009,6.73943E+009,1.25589E-006,2.38364E+000,1792,-60.00000E+000,1.08400E-009,-55.35055E+009,-65.04000E-009,2.38364E+000,1792,-60.00000E+000
1,7,48,-94.00000E+000,-14.77200E-009,6.36339E+009,1.38857E-006,2.38766E+000,1792,-60.00000E+000,588.00000E-012,-102.04082E+009,-35.28000E-009,2.38766E+000,1792,-60.00000E+000
1,7,49,-96.00000E+000,-13.65200E-009,7.03194E+009,1.31059E-006,2.39163E+000,1792,-60.00000E+000,2.59000E-009,-23.16602E+009,-155.40000E-009,2.39163E+000,1792,-60.00000E+000
1,7,50,-98.00000E+000,-13.02700E-009,7.52284E+009,1.27665E-006,2.39569E+000,1792,-60.00000E+000,3.72300E-009,-16.11604E+009,-223.38000E-009,2.39569E+000,1792,-60.00000E+000
1,7,51,-100.00000E+000,-14.43800E-009,6.92617E+009,1.44380E-006,2.39966E+000,1792,-60.00000E+000,2.61400E-009,-22.95333E+009,-156.84000E-009,2.39966E+000,1792,-60.00000E+000
1,8,1,1.80000E-006,4.72500E-009,380.95238E+000,8.50500E-015,2.53535E+000,1600,-70.00000E+000,-6.84500E-009,10.22644E+009,479.15000E-009,2.53535E+000,1792,-70.00000E+000
1,8,2,-2.00000E+000,1.42400E-009,-1.40450E+009,-2.84800E-009,2.54001E+000,1664,-70.00000E+000,-2.75500E-009,25.40835E+009,192.85000E-009,2.54001E+000,1792,-70.00000E+000
1,8,3,-4.00000E+000,799.00000E-012,-5.00626E+009,-3.19600E-009,2.54421E+000,1728,-70.00000E+000,-1.34500E-009,52.04461E+009,94.15000E-009,2.54421E+000,1792,-70.00000E+000
1,8,4,-6.00000E+000,-8.00000E-012,750.00000E+009,48.00000E-012,2.54817E+000,1728,-70.00000E+000,-1.52400E-009,45.93176E+009,106.68000E-009,2.54817E+000,1792,-70.00000E+000
1,8,5,-8.00000E+000,-922.00000E-012,8.67679E+009,7.37600E-009,2.55214E+000,1728,-70.00000E+000,-1.92200E-009,36.42040E+009,134.54000E-009,2.55214E+000,1792,-70.00000E+000
1,8,6,-10.00000E+000,-1.79900E-009,5.55864E+009,17.99000E-009,2.55611E+000,1728,-70.00000E+000,-1.51300E-009,46.26570E+009,105.91000E-009,2.55611E+000,1792,-70.00000E+000
1,8,7,-12.00000E+000,-5.05400E-009,2.37436E+009,60.64800E-009,2.56008E+000,1728,-70.00000E+000,1.62000E-009,-43.20988E+009,-113.40000E-009,2.56008E+000,1792,-70.00000E+000
1,8,8,-14.00001E+000,-14.14000E-009,990.09972E+006,197.96014E-009,2.56406E+000,1728,-70.00000E+000,8.03200E-009,-8.71514E+009,-562.24000E-009,2.56406E+000,1792,-70.00000E+000
1,8,9,-16.00001E+000,-22.72400E-009,704.10183E+006,363.58423E-009,2.56823E+000,1728,-70.00000E+000,11.67100E-009,-5.99777E+009,-816.97000E-009,2.56823E+000,1792,-70.00000E+000
1,8,10,-18.00001E+000,-28.33100E-009,635.34679E+006,509.95828E-009,2.57274E+000,1728,-70.00000E+000,14.26000E-009,-4.90884E+009,-998.20000E-009,2.57274E+000,1792,-70.00000E+000
1,8,11,-20.00001E+000,-32.01300E-009,624.74651E+006,640.26032E-009,2.57687E+000,1728,-70.00000E+000,16.18400E-009,-4.32526E+009,-1.13288E-006,2.57687E+000,1792,-70.00000E+000
1,8,12,-22.00000E+000,-34.99100E-009,628.73310E+006,769.80200E-009,2.58118E+000,1792,-70.00000E+000,16.38400E-009,-4.27246E+009,-1.14688E-006,2.58118E+000,1792,-70.00000E+000
1,8,13,-24.00000E+000,-37.53200E-009,639.45433E+006,900.76800E-009,2.58534E+000,1792,-70.00000E+000,15.68700E-009,-4.46229E+009,-1.09809E-006,2.58534E+000,1792,-70.00000E+000
1,8,14,-26.00000E+000,-38.69800E-009,671.86935E+006,1.00615E-006,2.58933E+000,1792,-70.00000E+000,15.49000E-009,-4.51904E+009,-1.08430E-006,2.58933E+000,1792,-70.00000E+000
1,8,15,-28.00000E+000,-38.37600E-009,729.62268E+006,1.07453E-006,2.59331E+000,1792,-70.00000E+000,15.76500E-009,-4.44022E+009,-1.10355E-006,2.59331E+000,1792,-70.00000E+000
1,8,16,-30.00000E+000,-37.35800E-009,803.04085E+006,1.12074E-006,2.59735E+000,1792,-70.00000E+000,14.45200E-009,-4.84362E+009,-1.01164E-006,2.59735E+000,1792,-70.00000E+000
1,8,17,-32.00000E+000,-37.00900E-009,864.65454E+006,1.18429E-006,2.60132E+000,1792,-70.00000E+000,12.20600E-009,-5.73488E+009,-854.42000E-009,2.60132E+000,1792,-70.00000E+000
1,8,18,-34.00000E+000,-35.49700E-009,957.82742E+006,1.20690E-006,2.60529E+000,1792,-70.00000E+000,10.23500E-009,-6.83928E+009,-716.45000E-009,2.60529E+000,1792,-70.00000E+000
1,8,19,-36.00000E+000,-33.59500E-009,1.07159E+009,1.20942E-006,2.60926E+000,1792,-70.00000E+000,9.89300E-009,-7.07571E+009,-692.51000E-009,2.60926E+000,1792,-70.00000E+000
1,8,20,-38.00000E+000,-31.44200E-009,1.20857E+009,1.19480E-006,2.61341E+000,1792,-70.00000E+000,9.31400E-009,-7.51557E+009,-651.98000E-009,2.61341E+000,1792,-70.00000E+000
1,8,21,-40.00000E+000,-31.32600E-009,1.27689E+009,1.25304E-006,2.61790E+000,1792,-70.00000E+000,6.51800E-009,-10.73949E+009,-456.26000E-009,2.61790E+000,1792,-70.00000E+000
1,8,22,-42.00000E+000,-29.81300E-009,1.40878E+009,1.25215E-006,2.62202E+000,1792,-70.00000E+000,5.72300E-009,-12.23135E+009,-400.61000E-009,2.62202E+000,1792,-70.00000E+000
1,8,23,-44.00000E+000,-27.10600E-009,1.62326E+009,1.19266E-006,2.62639E+000,1792,-70.00000E+000,5.99800E-009,-11.67056E+009,-419.86000E-009,2.62639E+000,1792,-70.00000E+000
1,8,24,-46.00000E+000,-26.17200E-009,1.75760E+009,1.20391E-006,2.63044E+000,1792,-70.00000E+000,5.47800E-009,-12.77839E+009,-383.46000E-009,2.63044E+000,1792,-70.00000E+000
1,8,25,-48.00000E+000,-26.87900E-009,1.78578E+009,1.29019E-006,2.63443E+000,1792,-70.00000E+000,3.73700E-009,-18.73160E+009,-261.59000E-009,2.63443E+000,1792,-70.00000E+000
1,8,26,-50.00000E+000,-26.38500E-009,1.89502E+009,1.31925E-006,2.63841E+000,1792,-70.00000E+000,3.24500E-009,-21.57165E+009,-227.15000E-009,2.63841E+000,1792,-70.00000E+000
1,8,27,-52.00000E+000,-24.43500E-009,2.12809E+009,1.27062E-006,2.64236E+000,1792,-70.00000E+000,4.19800E-009,-16.67461E+009,-293.86000E-009,2.64236E+000,1792,-70.00000E+000
1,8,28,-54.00000E+000,-23.00300E-009,2.34752E+009,1.24216E-006,2.64633E+000,1792,-70.00000E+000,4.48800E-009,-15.59715E+009,-314.16000E-009,2.64633E+000,1792,-70.00000E+000
1,8,29,-56.00000E+000,-23.37500E-009,2.39572E+009,1.30900E-006,2.65029E+000,1792,-70.00000E+000,2.90200E-009,-24.12130E+009,-203.14000E-009,2.65029E+000,1792,-70.00000E+000
1,8,30,-58.00000E+000,-23.46500E-009,2.47177E+009,1.36097E-006,2.65423E+000,1792,-70.00000E+000,1.32900E-009,-52.67118E+009,-93.03000E-009,2.65423E+000,1792,-70.00000E+000
1,8,31,-60.00000E+000,-22.29400E-009,2.69131E+009,1.33764E-006,2.65861E+000,1792,-70.00000E+000,2.86200E-009,-24.45842E+009,-200.34000E-009,2.65861E+000,1792,-70.00000E+000
1,8,32,-62.00000E+000,-21.93300E-009,2.82679E+009,1.35985E-006,2.66375E+000,1792,-70.00000E+000,2.81700E-009,-24.84913E+009,-197.19000E-009,2.66375E+000,1792,-70.00000E+000
1,8,33,-64.00000E+000,-22.40100E-009,2.85702E+009,1.43366E-006,2.66783E+000,1792,-70.00000E+000,1.59500E-009,-43.88715E+009,-111.65000E-009,2.66783E+000,1792,-70.00000E+000
1,8,34,-66.00000E+000,-21.59100E-009,3.05683E+009,1.42501E-006,2.67214E+000,1792,-70.00000E+000,1.59400E-009,-43.91468E+009,-111.58000E-009,2.67214E+000,1792,-70.00000E+000
1,8,35,-68.00000E+000,-20.57000E-009,3.30579E+009,1.39876E-006,2.67614E+000,1792,-70.00000E+000,2.66200E-009,-26.29602E+009,-186.34000E-009,2.67614E+000,1792,-70.00000E+000
1,8,36,-70.00000E+000,-19.65100E-009,3.56216E+009,1.37557E-006,2.68012E+000,1792,-70.00000E+000,2.69500E-009,-25.97403E+009,-188.65000E-009,2.68012E+000,1792,-70.00000E+000
1,8,37,-72.00000E+000,-20.75400E-009,3.46921E+009,1.49429E-006,2.68417E+000,1792,-70.00000E+000,1.24400E-009,-56.27010E+009,-87.08000E-009,2.68417E+000,1792,-70.00000E+000
1,8,38,-74.00000E+000,-20.80700E-009,3.55650E+009,1.53972E-006,2.68821E+000,1792,-70.00000E+000,634.00000E-012,-110.41009E+009,-44.38000E-009,2.68821E+000,1792,-70.00000E+000
1,8,39,-76.00000E+000,-19.75900E-009,3.84635E+009,1.50168E-006,2.69218E+000,1792,-70.00000E+000,2.28800E-009,-30.59441E+009,-160.16000E-009,2.69218E+000,1792,-70.00000E+000
1,8,40,-78.00000E+000,-18.35900E-009,4.24860E+009,1.43200E-006,2.69616E+000,1792,-70.00000E+000,2.61400E-009,-26.77888E+009,-182.98000E-009,2.69616E+000,1792,-70.00000E+000
1,8,41,-80.00000E+000,-19.49000E-009,4.10467E+009,1.55920E-006,2.70013E+000,1792,-70.00000E+000,1.10700E-009,-63.23397E+009,-77.49000E-009,2.70013E+000,1792,-70.00000E+000
1,8,42,-82.00000E+000,-19.75900E-009,4.15001E+009,1.62024E-006,2.70492E+000,1792,-70.00000E+000,307.00000E-012,-228.01303E+009,-21.49000E-009,2.70492E+000,1792,-70.00000E+000
1,8,43,-84.00000E+000,-18.63600E-009,4.50741E+009,1.56542E-006,2.70938E+000,1792,-70.00000E+000,1.91100E-009,-36.63004E+009,-133.77000E-009,2.70938E+000,1792,-70.00000E+000
1,8,44,-86.00000E+000,-17.93800E-009,4.79429E+009,1.54267E-006,2.71347E+000,1792,-70.00000E+000,1.93100E-009,-36.25065E+009,-135.17000E-009,2.71347E+000,1792,-70.00000E+000
1,8,45,-88.00000E+000,-18.40600E-009,4.78105E+009,1.61973E-006,2.71809E+000,1792,-70.00000E+000,705.00000E-012,-99.29078E+009,-49.35000E-009,2.71809E+000,1792,-70.00000E+000
1,8,46,-90.00000E+000,-18.59000E-009,4.84131E+009,1.67310E-006,2.72210E+000,1792,-70.00000E+000,770.00000E-012,-90.90909E+009,-53.90000E-009,2.72210E+000,1792,-70.00000E+000
1,8,47,-92.00000E+000,-17.35900E-009,5.29984E+009,1.59703E-006,2.72605E+000,1792,-70.00000E+000,2.26300E-009,-30.93239E+009,-158.41000E-009,2.72605E+000,1792,-70.00000E+000
1,8,48,-94.00000E+000,-16.98700E-009,5.53364E+009,1.59678E-006,2.73002E+000,1792,-70.00000E+000,2.71600E-009,-25.77320E+009,-190.12000E-009,2.73002E+000,1792,-70.00000E+000
1,8,49,-96.00000E+000,-17.52200E-009,5.47883E+009,1.68211E-006,2.73400E+000,1792,-70.00000E+000,1.53800E-009,-45.51365E+009,-107.66000E-009,2.73400E+000,1792,-70.00000E+000
1,8,50,-98.00000E+000,-17.77400E-009,5.51367E+009,1.74185E-006,2.73796E+000,1792,-70.00000E+000,719.00000E-012,-97.35744E+009,-50.33000E-009,2.73796E+000,1792,-70.00000E+000
1,8,51,-100.00000E+000,-17.41700E-009,5.74152E+009,1.74170E-006,2.74192E+000,1792,-70.00000E+000,2.52500E-009,-27.72277E+009,-176.75000E-009,2.74192E+000,1792,-70.00000E+000
1,9,1,-700.00000E-009,4.94300E-009,-141.61440E+000,-3.46010E-015,2.88926E+000,1600,-80.00000E+000,-8.86800E-009,9.02120E+009,709.44000E-009,2.88926E+000,1792,-80.00000E+000
1,9,2,-2.00000E+000,1.43900E-009,-1.38985E+009,-2.87800E-009,2.89386E+000,1664,-80.00000E+000,-3.89300E-009,20.54970E+009,311.44000E-009,2.89386E+000,1792,-80.00000E+000
1,9,3,-4.00000E+000,177.00000E-012,-22.59887E+009,-708.00000E-012,2.89822E+000,1728,-80.00000E+000,-3.53200E-009,22.65006E+009,282.56000E-009,2.89822E+000,1792,-80.00000E+000
1,9,4,-6.00000E+000,-507.00000E-012,11.83432E+009,3.04200E-009,2.90231E+000,1728,-80.00000E+000,-3.83600E-009,20.85506E+009,306.88000E-009,2.90231E+000,1792,-80.00000E+000
1,9,5,-8.00000E+000,-524.00000E-012,15.26718E+009,4.19200E-009,2.90628E+000,1728,-80.00000E+000,-3.48600E-009,22.94894E+009,278.88000E-009,2.90628E+000,1792,-80.00000E+000
1,9,6,-10.00000E+000,-802.00000E-012,12.46883E+009,8.02000E-009,2.91026E+000,1728,-80.00000E+000,-2.44200E-009,32.76003E+009,195.36000E-009,2.91026E+000,1792,-80.00000E+000
1,9,7,-12.00000E+000,-3.54400E-009,3.38600E+009,42.52800E-009,2.91423E+000,1728,-80.00000E+000,-1.80400E-009,44.34590E+009,144.32000E-009,2.91423E+000,1792,-80.00000E+000
1,9,8,-14.00001E+000,-14.25100E-009,982.38790E+006,199.51414E-009,2.91820E+000,1728,-80.00000E+000,4.65200E-009,-17.19690E+009,-372.16000E-009,2.91820E+000,1792,-80.00000E+000
1,9,9,-16.00001E+000,-22.78700E-009,702.15518E+006,364.59223E-009,2.92231E+000,1728,-80.00000E+000,10.02100E-009,-7.98324E+009,-801.68000E-009,2.92231E+000,1792,-80.00000E+000
1,9,10,-18.00001E+000,-28.40600E-009,633.66930E+006,511.30828E-009,2.92705E+000,1728,-80.00000E+000,13.89200E-009,-5.75871E+009,-1.11136E-006,2.92705E+000,1792,-80.00000E+000
1,9,11,-20.00000E+000,-34.27300E-009,583.54973E+006,685.46000E-009,2.93115E+000,1728,-80.00000E+000,15.50500E-009,-5.15963E+009,-1.24040E-006,2.93115E+000,1792,-80.00000E+000
1,9,12,-22.00000E+000,-39.41400E-009,558.17730E+006,867.10800E-009,2.93584E+000,1792,-80.00000E+000,15.16700E-009,-5.27461E+009,-1.21336E-006,2.93584E+000,1792,-80.00000E+000
1,9,13,-24.00000E+000,-42.03900E-009,570.89845E+006,1.00894E-006,2.93983E+000,1792,-80.00000E+000,16.55100E-009,-4.83354E+009,-1.32408E-006,2.93983E+000,1792,-80.00000E+000
1,9,14,-26.00000E+000,-44.30600E-009,586.82797E+006,1.15196E-006,2.94380E+000,1792,-80.00000E+000,16.92700E-009,-4.72618E+009,-1.35416E-006,2.94380E+000,1792,-80.00000E+000
1,9,15,-28.00000E+000,-44.84500E-009,624.37284E+006,1.25566E-006,2.94778E+000,1792,-80.00000E+000,16.11800E-009,-4.96339E+009,-1.28944E-006,2.94778E+000,1792,-80.00000E+000
1,9,16,-30.00000E+000,-45.37500E-009,661.15702E+006,1.36125E-006,2.95178E+000,1792,-80.00000E+000,14.47600E-009,-5.52639E+009,-1.15808E-006,2.95178E+000,1792,-80.00000E+000
1,9,17,-32.00000E+000,-44.51400E-009,718.87496E+006,1.42445E-006,2.95574E+000,1792,-80.00000E+000,13.33100E-009,-6.00105E+009,-1.06648E-006,2.95574E+000,1792,-80.00000E+000
1,9,18,-34.00000E+000,-42.56700E-009,798.74081E+006,1.44728E-006,2.95970E+000,1792,-80.00000E+000,13.05200E-009,-6.12933E+009,-1.04416E-006,2.95970E+000,1792,-80.00000E+000
1,9,19,-36.00000E+000,-41.10700E-009,875.76325E+006,1.47985E-006,2.96371E+000,1792,-80.00000E+000,11.35200E-009,-7.04722E+009,-908.16000E-009,2.96371E+000,1792,-80.00000E+000
1,9,20,-38.00000E+000,-39.65000E-009,958.38588E+006,1.50670E-006,2.96822E+000,1792,-80.00000E+000,8.95400E-009,-8.93455E+009,-716.32000E-009,2.96822E+000,1792,-80.00000E+000
1,9,21,-40.00000E+000,-38.15700E-009,1.04830E+009,1.52628E-006,2.97262E+000,1792,-80.00000E+000,7.47900E-009,-10.69662E+009,-598.32000E-009,2.97262E+000,1792,-80.00000E+000
1,9,22,-42.00000E+000,-35.84400E-009,1.17174E+009,1.50545E-006,2.97696E+000,1792,-80.00000E+000,7.34900E-009,-10.88583E+009,-587.92000E-009,2.97696E+000,1792,-80.00000E+000
1,9,23,-44.00000E+000,-34.82800E-009,1.26335E+009,1.53243E-006,2.98107E+000,1792,-80.00000E+000,6.29200E-009,-12.71456E+009,-503.36000E-009,2.98107E+000,1792,-80.00000E+000
1,9,24,-46.00000E+000,-34.85600E-009,1.31972E+009,1.60338E-006,2.98506E+000,1792,-80.00000E+000,4.85300E-009,-16.48465E+009,-388.24000E-009,2.98506E+000,1792,-80.00000E+000
1,9,25,-48.00000E+000,-33.39200E-009,1.43747E+009,1.60282E-006,2.98913E+000,1792,-80.00000E+000,4.33800E-009,-18.44168E+009,-347.04000E-009,2.98913E+000,1792,-80.00000E+000
1,9,26,-50.00000E+000,-31.99700E-009,1.56265E+009,1.59985E-006,2.99310E+000,1792,-80.00000E+000,5.02700E-009,-15.91406E+009,-402.16000E-009,2.99310E+000,1792,-80.00000E+000
1,9,27,-52.00000E+000,-31.18200E-009,1.66763E+009,1.62146E-006,2.99708E+000,1792,-80.00000E+000,4.72600E-009,-16.92763E+009,-378.08000E-009,2.99708E+000,1792,-80.00000E+000
1,9,28,-54.00000E+000,-31.52600E-009,1.71287E+009,1.70240E-006,3.00107E+000,1792,-80.00000E+000,3.26700E-009,-24.48730E+009,-261.36000E-009,3.00107E+000,1792,-80.00000E+000
1,9,29,-56.00000E+000,-31.21100E-009,1.79424E+009,1.74782E-006,3.00505E+000,1792,-80.00000E+000,2.50300E-009,-31.96165E+009,-200.24000E-009,3.00505E+000,1792,-80.00000E+000
1,9,30,-58.00000E+000,-29.92500E-009,1.93818E+009,1.73565E-006,3.00902E+000,1792,-80.00000E+000,3.63100E-009,-22.03250E+009,-290.48000E-009,3.00902E+000,1792,-80.00000E+000
1,9,31,-60.00000E+000,-28.86200E-009,2.07886E+009,1.73172E-006,3.01299E+000,1792,-80.00000E+000,3.72900E-009,-21.45347E+009,-298.32000E-009,3.01299E+000,1792,-80.00000E+000
1,9,32,-62.00000E+000,-29.31600E-009,2.11489E+009,1.81759E-006,3.01755E+000,1792,-80.00000E+000,2.12200E-009,-37.70028E+009,-169.76000E-009,3.01755E+000,1792,-80.00000E+000
1,9,33,-64.00000E+000,-28.71000E-009,2.22919E+009,1.83744E-006,3.02164E+000,1792,-80.00000E+000,1.59200E-009,-50.25126E+009,-127.36000E-009,3.02164E+000,1792,-80.00000E+000
1,9,34,-66.00000E+000,-27.97700E-009,2.35908E+009,1.84648E-006,3.02577E+000,1792,-80.00000E+000,2.41300E-009,-33.15375E+009,-193.04000E-009,3.02577E+000,1792,-80.00000E+000
1,9,35,-68.00000E+000,-27.82500E-009,2.44385E+009,1.89210E-006,3.03025E+000,1792,-80.00000E+000,2.59800E-009,-30.79292E+009,-207.84000E-009,3.03025E+000,1792,-80.00000E+000
1,9,36,-70.00000E+000,-27.77600E-009,2.52016E+009,1.94432E-006,3.03423E+000,1792,-80.00000E+000,1.38500E-009,-57.76173E+009,-110.80000E-009,3.03423E+000,1792,-80.00000E+000
1,9,37,-72.00000E+000,-28.01900E-009,2.56968E+009,2.01737E-006,3.03823E+000,1792,-80.00000E+000,774.00000E-012,-103.35917E+009,-61.92000E-009,3.03823E+000,1792,-80.00000E+000
1,9,38,-74.00000E+000,-26.86800E-009,2.75421E+009,1.98823E-006,3.04221E+000,1792,-80.00000E+000,2.20700E-009,-36.24830E+009,-176.56000E-009,3.04221E+000,1792,-80.00000E+000
1,9,39,-76.00000E+000,-25.69500E-009,2.95777E+009,1.95282E-006,3.04617E+000,1792,-80.00000E+000,3.11900E-009,-25.64925E+009,-249.52000E-009,3.04617E+000,1792,-80.00000E+000
1,9,40,-78.00000E+000,-26.85000E-009,2.90503E+009,2.09430E-006,3.05012E+000,1792,-80.00000E+000,1.36600E-009,-58.56515E+009,-109.28000E-009,3.05012E+000,1792,-80.00000E+000
1,9,41,-80.00000E+000,-26.67900E-009,2.99861E+009,2.13432E-006,3.05409E+000,1792,-80.00000E+000,507.00000E-012,-157.79093E+009,-40.56000E-009,3.05409E+000,1792,-80.00000E+000
1,9,42,-82.00000E+000,-25.87700E-009,3.16884E+009,2.12191E-006,3.05804E+000,1792,-80.00000E+000,1.59000E-009,-50.31447E+009,-127.20000E-009,3.05804E+000,1792,-80.00000E+000
1,9,43,-84.00000E+000,-23.77400E-009,3.53327E+009,1.99702E-006,3.06199E+000,1792,-80.00000E+000,2.50400E-009,-31.94888E+009,-200.32000E-009,3.06199E+000,1792,-80.00000E+000
1,9,44,-86.00000E+000,-24.72100E-009,3.47882E+009,2.12601E-006,3.06623E+000,1792,-80.00000E+000,1.32000E-009,-60.60606E+009,-105.60000E-009,3.06623E+000,1792,-80.00000E+000
1,9,45,-88.00000E+000,-24.85900E-009,3.53997E+009,2.18759E-006,3.07049E+000,1792,-80.00000E+000,203.00000E-012,-394.08867E+009,-16.24000E-009,3.07049E+000,1792,-80.00000E+000
1,9,46,-90.00000E+000,-23.81300E-009,3.77945E+009,2.14317E-006,3.07467E+000,1792,-80.00000E+000,1.35000E-009,-59.25926E+009,-108.00000E-009,3.07467E+000,1792,-80.00000E+000
1,9,47,-92.00000E+000,-22.91800E-009,4.01431E+009,2.10846E-006,3.07988E+000,1792,-80.00000E+000,2.42400E-009,-33.00330E+009,-193.92000E-009,3.07988E+000,1792,-80.00000E+000
1,9,48,-94.00000E+000,-23.66100E-009,3.97278E+009,2.22413E-006,3.08389E+000,1792,-80.00000E+000,631.00000E-012,-126.78288E+009,-50.48000E-009,3.08389E+000,1792,-80.00000E+000
1,9,49,-96.00000E+000,-24.31200E-009,3.94867E+009,2.33395E-006,3.08787E+000,1792,-80.00000E+000,531.00000E-012,-150.65913E+009,-42.48000E-009,3.08787E+000,1792,-80.00000E+000
1,9,50,-98.00000E+000,-23.26800E-009,4.21179E+009,2.28026E-006,3.09184E+000,1792,-80.00000E+000,1.92700E-009,-41.51531E+009,-154.16000E-009,3.09184E+000,1792,-80.00000E+000
1,9,51,-100.00000E+000,-22.65100E-009,4.41482E+009,2.26510E-006,3.09586E+000,1792,-80.00000E+000,3.09900E-009,-25.81478E+009,-247.92000E-009,3.09586E+000,1792,-80.00000E+000
1,10,1,-1.10000E-006,6.52300E-009,-168.63406E+000,-7.17530E-015,3.24512E+000,1600,-90.00000E+000,-11.80400E-009,7.62453E+009,1.06236E-006,3.24512E+000,1792,-90.00000E+000
1,10,2,-2.00000E+000,1.19000E-009,-1.68067E+009,-2.38000E-009,3.25021E+000,1664,-90.00000E+000,-8.78700E-009,10.24240E+009,790.83000E-009,3.25021E+000,1792,-90.00000E+000
1,10,3,-4.00000E+000,-685.00000E-012,5.83942E+009,2.74000E-009,3.25453E+000,1728,-90.00000E+000,-7.88200E-009,11.41842E+009,709.38000E-009,3.25453E+000,1792,-90.00000E+000
1,10,4,-6.00000E+000,147.00000E-012,-40.81633E+009,-882.00000E-012,3.25852E+000,1728,-90.00000E+000,-5.84900E-009,15.38725E+009,526.41000E-009,3.25852E+000,1792,-90.00000E+000
1,10,5,-8.00000E+000,584.00000E-012,-13.69863E+009,-4.67200E-009,3.26249E+000,1728,-90.00000E+000,-4.58000E-009,19.65066E+009,412.20000E-009,3.26249E+000,1792,-90.00000E+000
1,10,6,-10.00000E+000,-1.39500E-009,7.16846E+009,13.95000E-009,3.26645E+000,1728,-90.00000E+000,-5.65200E-009,15.92357E+009,508.68000E-009,3.26645E+000,1792,-90.00000E+000
1,10,7,-12.00000E+000,-4.69600E-009,2.55537E+009,56.35200E-009,3.27042E+000,1728,-90.00000E+000,-4.73500E-009,19.00739E+009,426.15000E-009,3.27042E+000,1792,-90.00000E+000
1,10,8,-14.00001E+000,-14.55800E-009,961.67125E+006,203.81215E-009,3.27438E+000,1728,-90.00000E+000,4.90900E-009,-18.33367E+009,-441.81000E-009,3.27438E+000,1792,-90.00000E+000
1,10,9,-16.00001E+000,-22.70000E-009,704.84626E+006,363.20023E-009,3.27836E+000,1728,-90.00000E+000,11.40800E-009,-7.88920E+009,-1.02672E-006,3.27836E+000,1792,-90.00000E+000
1,10,10,-18.00001E+000,-29.50800E-009,610.00441E+006,531.14430E-009,3.28287E+000,1728,-90.00000E+000,13.12200E-009,-6.85871E+009,-1.18098E-006,3.28287E+000,1792,-90.00000E+000
1,10,11,-20.00001E+000,-36.55900E-009,547.06119E+006,731.18037E-009,3.28731E+000,1728,-90.00000E+000,14.18400E-009,-6.34518E+009,-1.27656E-006,3.28731E+000,1792,-90.00000E+000
1,10,12,-22.00000E+000,-39.70600E-009,554.07243E+006,873.53200E-009,3.29180E+000,1792,-90.00000E+000,16.06100E-009,-5.60364E+009,-1.44549E-006,3.29180E+000,1792,-90.00000E+000
1,10,13,-24.00000E+000,-43.15200E-009,556.17353E+006,1.03565E-006,3.29598E+000,1792,-90.00000E+000,18.03000E-009,-4.99168E+009,-1.62270E-006,3.29598E+000,1792,-90.00000E+000
1,10,14,-26.00000E+000,-47.31200E-009,549.54346E+006,1.23011E-006,3.29999E+000,1792,-90.00000E+000,16.87700E-009,-5.33270E+009,-1.51893E-006,3.29999E+000,1792,-90.00000E+000
1,10,15,-28.00000E+000,-49.64100E-009,564.04988E+006,1.38995E-006,3.30395E+000,1792,-90.00000E+000,15.84400E-009,-5.68038E+009,-1.42596E-006,3.30395E+000,1792,-90.00000E+000
1,10,16,-30.00000E+000,-49.60700E-009,604.75336E+006,1.48821E-006,3.30796E+000,1792,-90.00000E+000,16.22100E-009,-5.54836E+009,-1.45989E-006,3.30796E+000,1792,-90.00000E+000
1,10,17,-32.00000E+000,-48.45300E-009,660.43382E+006,1.55050E-006,3.31191E+000,1792,-90.00000E+000,16.15300E-009,-5.57172E+009,-1.45377E-006,3.31191E+000,1792,-90.00000E+000
1,10,18,-34.00000E+000,-48.89500E-009,695.36762E+006,1.66243E-006,3.31587E+000,1792,-90.00000E+000,13.67800E-009,-6.57991E+009,-1.23102E-006,3.31587E+000,1792,-90.00000E+000
1,10,19,-36.00000E+000,-48.12500E-009,748.05195E+006,1.73250E-006,3.31983E+000,1792,-90.00000E+000,11.62700E-009,-7.74060E+009,-1.04643E-006,3.31983E+000,1792,-90.00000E+000
1,10,20,-38.00000E+000,-46.25400E-009,821.55057E+006,1.75765E-006,3.32381E+000,1792,-90.00000E+000,11.09000E-009,-8.11542E+009,-998.10000E-009,3.32381E+000,1792,-90.00000E+000
1,10,21,-40.00000E+000,-44.18200E-009,905.34607E+006,1.76728E-006,3.32777E+000,1792,-90.00000E+000,10.38200E-009,-8.66885E+009,-934.38000E-009,3.32777E+000,1792,-90.00000E+000
1,10,22,-42.00000E+000,-43.83200E-009,958.20405E+006,1.84094E-006,3.33175E+000,1792,-90.00000E+000,8.25100E-009,-10.90777E+009,-742.59000E-009,3.33175E+000,1792,-90.00000E+000
1,10,23,-44.00000E+000,-43.16500E-009,1.01934E+009,1.89926E-006,3.33596E+000,1792,-90.00000E+000,7.24600E-009,-12.42065E+009,-652.14000E-009,3.33596E+000,1792,-90.00000E+000
1,10,24,-46.00000E+000,-41.17800E-009,1.11710E+009,1.89419E-006,3.34063E+000,1792,-90.00000E+000,6.72100E-009,-13.39086E+009,-604.89000E-009,3.34063E+000,1792,-90.00000E+000
1,10,25,-48.00000E+000,-39.86200E-009,1.20415E+009,1.91338E-006,3.34480E+000,1792,-90.00000E+000,7.06800E-009,-12.73345E+009,-636.12000E-009,3.34480E+000,1792,-90.00000E+000
1,10,26,-50.00000E+000,-39.60800E-009,1.26237E+009,1.98040E-006,3.34927E+000,1792,-90.00000E+000,5.51600E-009,-16.31617E+009,-496.44000E-009,3.34927E+000,1792,-90.00000E+000
1,10,27,-52.00000E+000,-39.28200E-009,1.32376E+009,2.04266E-006,3.35326E+000,1792,-90.00000E+000,4.07500E-009,-22.08589E+009,-366.75000E-009,3.35326E+000,1792,-90.00000E+000
1,10,28,-54.00000E+000,-37.74500E-009,1.43065E+009,2.03823E-006,3.35724E+000,1792,-90.00000E+000,4.76700E-009,-18.87980E+009,-429.03000E-009,3.35724E+000,1792,-90.00000E+000
1,10,29,-56.00000E+000,-36.11500E-009,1.55060E+009,2.02244E-006,3.36122E+000,1792,-90.00000E+000,4.97800E-009,-18.07955E+009,-448.02000E-009,3.36122E+000,1792,-90.00000E+000
1,10,30,-58.00000E+000,-36.16100E-009,1.60394E+009,2.09734E-006,3.36516E+000,1792,-90.00000E+000,3.85700E-009,-23.33420E+009,-347.13000E-009,3.36516E+000,1792,-90.00000E+000
1,10,31,-60.00000E+000,-35.94900E-009,1.66903E+009,2.15694E-006,3.36914E+000,1792,-90.00000E+000,2.67800E-009,-33.60717E+009,-241.02000E-009,3.36914E+000,1792,-90.00000E+000
1,10,32,-62.00000E+000,-35.42400E-009,1.75023E+009,2.19629E-006,3.37311E+000,1792,-90.00000E+000,2.97400E-009,-30.26227E+009,-267.66000E-009,3.37311E+000,1792,-90.00000E+000
1,10,33,-64.00000E+000,-34.10400E-009,1.87661E+009,2.18266E-006,3.37718E+000,1792,-90.00000E+000,3.55500E-009,-25.31646E+009,-319.95000E-009,3.37718E+000,1792,-90.00000E+000
1,10,34,-66.00000E+000,-33.22400E-009,1.98652E+009,2.19278E-006,3.38177E+000,1792,-90.00000E+000,2.77100E-009,-32.47925E+009,-249.39000E-009,3.38177E+000,1792,-90.00000E+000
1,10,35,-68.00000E+000,-33.66400E-009,2.01996E+009,2.28915E-006,3.38638E+000,1792,-90.00000E+000,1.56900E-009,-57.36138E+009,-141.21000E-009,3.38638E+000,1792,-90.00000E+000
1,10,36,-70.00000E+000,-33.89000E-009,2.06551E+009,2.37230E-006,3.39051E+000,1792,-90.00000E+000,2.40300E-009,-37.45318E+009,-216.27000E-009,3.39051E+000,1792,-90.00000E+000
1,10,37,-72.00000E+000,-32.62300E-009,2.20703E+009,2.34886E-006,3.39507E+000,1792,-90.00000E+000,3.54600E-009,-25.38071E+009,-319.14000E-009,3.39507E+000,1792,-90.00000E+000
1,10,38,-74.00000E+000,-32.84600E-009,2.25294E+009,2.43060E-006,3.39906E+000,1792,-90.00000E+000,1.83100E-009,-49.15347E+009,-164.79000E-009,3.39906E+000,1792,-90.00000E+000
1,10,39,-76.00000E+000,-33.04500E-009,2.29989E+009,2.51142E-006,3.40303E+000,1792,-90.00000E+000,1.46600E-009,-61.39154E+009,-131.94000E-009,3.40303E+000,1792,-90.00000E+000
1,10,40,-78.00000E+000,-31.74700E-009,2.45693E+009,2.47627E-006,3.40700E+000,1792,-90.00000E+000,1.74900E-009,-51.45798E+009,-157.41000E-009,3.40700E+000,1792,-90.00000E+000
1,10,41,-80.00000E+000,-31.33200E-009,2.55330E+009,2.50656E-006,3.41098E+000,1792,-90.00000E+000,2.52900E-009,-35.58719E+009,-227.61000E-009,3.41098E+000,1792,-90.00000E+000
1,10,42,-82.00000E+000,-31.31200E-009,2.61880E+009,2.56758E-006,3.41494E+000,1792,-90.00000E+000,1.95500E-009,-46.03581E+009,-175.95000E-009,3.41494E+000,1792,-90.00000E+000
1,10,43,-84.00000E+000,-32.34400E-009,2.59708E+009,2.71690E-006,3.41891E+000,1792,-90.00000E+000,1.08500E-009,-82.94931E+009,-97.65000E-009,3.41891E+000,1792,-90.00000E+000
1,10,44,-86.00000E+000,-31.01600E-009,2.77276E+009,2.66738E-006,3.42293E+000,1792,-90.00000E+000,1.43600E-009,-62.67409E+009,-129.24000E-009,3.42293E+000,1792,-90.00000E+000
1,10,45,-88.00000E+000,-30.03800E-009,2.92962E+009,2.64334E-006,3.42721E+000,1792,-90.00000E+000,1.88500E-009,-47.74536E+009,-169.65000E-009,3.42721E+000,1792,-90.00000E+000
1,10,46,-90.00000E+000,-29.82000E-009,3.01811E+009,2.68380E-006,3.43164E+000,1792,-90.00000E+000,1.66600E-009,-54.02161E+009,-149.94000E-009,3.43164E+000,1792,-90.00000E+000
1,10,47,-92.00000E+000,-29.85700E-009,3.08135E+009,2.74684E-006,3.43572E+000,1792,-90.00000E+000,1.05000E-009,-85.71429E+009,-94.50000E-009,3.43572E+000,1792,-90.00000E+000
1,10,48,-94.00000E+000,-29.35400E-009,3.20229E+009,2.75928E-006,3.44036E+000,1792,-90.00000E+000,1.75600E-009,-51.25285E+009,-158.04000E-009,3.44036E+000,1792,-90.00000E+000
1,10,49,-96.00000E+000,-28.38800E-009,3.38171E+009,2.72525E-006,3.44437E+000,1792,-90.00000E+000,2.09900E-009,-42.87756E+009,-188.91000E-009,3.44437E+000,1792,-90.00000E+000
1,10,50,-98.00000E+000,-28.71100E-009,3.41333E+009,2.81368E-006,3.44834E+000,1792,-90.00000E+000,1.73100E-009,-51.99307E+009,-155.79000E-009,3.44834E+000,1792,-90.00000E+000
1,10,51,-100.00000E+000,-29.47300E-009,3.39294E+009,2.94730E-006,3.45231E+000,1792,-90.00000E+000,1.30500E-009,-68.96552E+009,-117.45000E-009,3.45231E+000,1792,-90.00000E+000
1,11,1,200.00000E-009,5.05100E-009,39.59612E+000,1.01020E-015,3.59825E+000,1600,-100.00000E+000,-12.21900E-009,8.18398E+009,1.22190E-006,3.59825E+000,1792,-100.00000E+000
1,11,2,-2.00000E+000,368.00000E-012,-5.43478E+009,-735.99963E-012,3.60335E+000,1664,-100.00000E+000,-8.32700E-009,12.00913E+009,832.70000E-009,3.60335E+000,1792,-100.00000E+000
1,11,3,-4.00000E+000,191.00000E-012,-20.94241E+009,-764.00000E-012,3.60754E+000,1728,-100.00000E+000,-6.12600E-009,16.32387E+009,612.60000E-009,3.60754E+000,1792,-100.00000E+000
1,11,4,-6.00000E+000,641.00000E-012,-9.36037E+009,-3.84600E-009,3.61160E+000,1728,-100.00000E+000,-4.75600E-009,21.02607E+009,475.60000E-009,3.61160E+000,1792,-100.00000E+000
1,11,5,-8.00000E+000,-357.00000E-012,22.40896E+009,2.85600E-009,3.61558E+000,1728,-100.00000E+000,-5.28800E-009,18.91074E+009,528.80000E-009,3.61558E+000,1792,-100.00000E+000
1,11,6,-10.00000E+000,-1.47700E-009,6.77048E+009,14.77000E-009,3.61955E+000,1728,-100.00000E+000,-5.48700E-009,18.22490E+009,548.70000E-009,3.61955E+000,1792,-100.00000E+000
1,11,7,-12.00000E+000,-4.06200E-009,2.95421E+009,48.74400E-009,3.62351E+000,1728,-100.00000E+000,-2.96500E-009,33.72681E+009,296.50000E-009,3.62351E+000,1792,-100.00000E+000
1,11,8,-14.00001E+000,-15.03200E-009,931.34713E+006,210.44815E-009,3.62762E+000,1728,-100.00000E+000,6.33400E-009,-15.78781E+009,-633.40000E-009,3.62762E+000,1792,-100.00000E+000
1,11,9,-16.00001E+000,-23.99100E-009,666.91718E+006,383.85624E-009,3.63212E+000,1728,-100.00000E+000,11.14500E-009,-8.97263E+009,-1.11450E-006,3.63212E+000,1792,-100.00000E+000
1,11,10,-18.00001E+000,-31.76800E-009,566.60822E+006,571.82432E-009,3.63650E+000,1728,-100.00000E+000,13.49600E-009,-7.40960E+009,-1.34960E-006,3.63650E+000,1792,-100.00000E+000
1,11,11,-20.00001E+000,-36.99200E-009,540.65771E+006,739.84037E-009,3.64102E+000,1728,-100.00000E+000,16.63800E-009,-6.01034E+009,-1.66380E-006,3.64102E+000,1792,-100.00000E+000
1,11,12,-22.00000E+000,-41.89600E-009,525.10980E+006,921.71200E-009,3.64525E+000,1792,-100.00000E+000,18.97600E-009,-5.26981E+009,-1.89760E-006,3.64525E+000,1792,-100.00000E+000
1,11,13,-24.00000E+000,-47.82100E-009,501.87156E+006,1.14770E-006,3.64923E+000,1792,-100.00000E+000,18.28000E-009,-5.47046E+009,-1.82800E-006,3.64923E+000,1792,-100.00000E+000
1,11,14,-26.00000E+000,-50.75300E-009,512.28499E+006,1.31958E-006,3.65321E+000,1792,-100.00000E+000,17.84200E-009,-5.60475E+009,-1.78420E-006,3.65321E+000,1792,-100.00000E+000
1,11,15,-28.00000E+000,-52.48400E-009,533.49592E+006,1.46955E-006,3.65718E+000,1792,-100.00000E+000,18.43600E-009,-5.42417E+009,-1.84360E-006,3.65718E+000,1792,-100.00000E+000
1,11,16,-30.00000E+000,-52.90300E-009,567.07559E+006,1.58709E-006,3.66112E+000,1792,-100.00000E+000,18.13700E-009,-5.51359E+009,-1.81370E-006,3.66112E+000,1792,-100.00000E+000
1,11,17,-32.00000E+000,-54.63000E-009,585.75874E+006,1.74816E-006,3.66510E+000,1792,-100.00000E+000,16.46800E-009,-6.07238E+009,-1.64680E-006,3.66510E+000,1792,-100.00000E+000
1,11,18,-34.00000E+000,-54.22000E-009,627.07488E+006,1.84348E-006,3.66906E+000,1792,-100.00000E+000,14.72900E-009,-6.78933E+009,-1.47290E-006,3.66906E+000,1792,-100.00000E+000
1,11,19,-36.00000E+000,-53.09300E-009,678.05549E+006,1.91135E-006,3.67303E+000,1792,-100.00000E+000,13.78500E-009,-7.25426E+009,-1.37850E-006,3.67303E+000,1792,-100.00000E+000
1,11,20,-38.00000E+000,-51.10500E-009,743.56717E+006,1.94199E-006,3.67710E+000,1792,-100.00000E+000,12.38800E-009,-8.07233E+009,-1.23880E-006,3.67710E+000,1792,-100.00000E+000
1,11,21,-40.00000E+000,-50.10300E-009,798.35539E+006,2.00412E-006,3.68137E+000,1792,-100.00000E+000,11.01900E-009,-9.07523E+009,-1.10190E-006,3.68137E+000,1792,-100.00000E+000
1,11,22,-42.00000E+000,-48.92300E-009,858.49192E+006,2.05477E-006,3.68558E+000,1792,-100.00000E+000,8.93500E-009,-11.19194E+009,-893.50000E-009,3.68558E+000,1792,-100.00000E+000
1,11,23,-44.00000E+000,-47.00800E-009,936.01089E+006,2.06835E-006,3.69019E+000,1792,-100.00000E+000,8.16100E-009,-12.25340E+009,-816.10000E-009,3.69019E+000,1792,-100.00000E+000
1,11,24,-46.00000E+000,-45.12700E-009,1.01935E+009,2.07584E-006,3.69417E+000,1792,-100.00000E+000,7.88200E-009,-12.68714E+009,-788.20000E-009,3.69417E+000,1792,-100.00000E+000
1,11,25,-48.00000E+000,-44.44700E-009,1.07994E+009,2.13346E-006,3.69820E+000,1792,-100.00000E+000,6.64300E-009,-15.05344E+009,-664.30000E-009,3.69820E+000,1792,-100.00000E+000
1,11,26,-50.00000E+000,-44.02400E-009,1.13574E+009,2.20120E-006,3.70217E+000,1792,-100.00000E+000,5.10100E-009,-19.60400E+009,-510.10000E-009,3.70217E+000,1792,-100.00000E+000
1,11,27,-52.00000E+000,-43.36900E-009,1.19901E+009,2.25519E-006,3.70610E+000,1792,-100.00000E+000,5.05200E-009,-19.79414E+009,-505.20000E-009,3.70610E+000,1792,-100.00000E+000
1,11,28,-54.00000E+000,-41.60000E-009,1.29808E+009,2.24640E-006,3.71007E+000,1792,-100.00000E+000,5.37100E-009,-18.61851E+009,-537.10000E-009,3.71007E+000,1792,-100.00000E+000
1,11,29,-56.00000E+000,-41.71200E-009,1.34254E+009,2.33587E-006,3.71405E+000,1792,-100.00000E+000,4.86000E-009,-20.57613E+009,-486.00000E-009,3.71405E+000,1792,-100.00000E+000
1,11,30,-58.00000E+000,-41.55700E-009,1.39567E+009,2.41031E-006,3.71802E+000,1792,-100.00000E+000,3.54900E-009,-28.17695E+009,-354.90000E-009,3.71802E+000,1792,-100.00000E+000
1,11,31,-60.00000E+000,-39.95800E-009,1.50158E+009,2.39748E-006,3.72295E+000,1792,-100.00000E+000,3.51100E-009,-28.48191E+009,-351.10000E-009,3.72295E+000,1792,-100.00000E+000
1,11,32,-62.00000E+000,-38.66700E-009,1.60343E+009,2.39735E-006,3.72749E+000,1792,-100.00000E+000,3.87500E-009,-25.80645E+009,-387.50000E-009,3.72749E+000,1792,-100.00000E+000
1,11,33,-64.00000E+000,-38.14400E-009,1.67785E+009,2.44122E-006,3.73157E+000,1792,-100.00000E+000,3.62700E-009,-27.57100E+009,-362.70000E-009,3.73157E+000,1792,-100.00000E+000
1,11,34,-66.00000E+000,-38.59300E-009,1.71015E+009,2.54714E-006,3.73608E+000,1792,-100.00000E+000,2.29800E-009,-43.51610E+009,-229.80000E-009,3.73608E+000,1792,-100.00000E+000
1,11,35,-68.00000E+000,-37.56500E-009,1.81020E+009,2.55442E-006,3.74014E+000,1792,-100.00000E+000,2.55900E-009,-39.07776E+009,-255.90000E-009,3.74014E+000,1792,-100.00000E+000
1,11,36,-70.00000E+000,-36.72300E-009,1.90616E+009,2.57061E-006,3.74413E+000,1792,-100.00000E+000,3.06300E-009,-32.64773E+009,-306.30000E-009,3.74413E+000,1792,-100.00000E+000
1,11,37,-72.00000E+000,-37.01900E-009,1.94495E+009,2.66537E-006,3.74810E+000,1792,-100.00000E+000,2.39100E-009,-41.82350E+009,-239.10000E-009,3.74810E+000,1792,-100.00000E+000
1,11,38,-74.00000E+000,-37.54200E-009,1.97113E+009,2.77811E-006,3.75207E+000,1792,-100.00000E+000,1.27000E-009,-78.74016E+009,-127.00000E-009,3.75207E+000,1792,-100.00000E+000
1,11,39,-76.00000E+000,-36.78200E-009,2.06623E+009,2.79543E-006,3.75604E+000,1792,-100.00000E+000,1.42800E-009,-70.02801E+009,-142.80000E-009,3.75604E+000,1792,-100.00000E+000
1,11,40,-78.00000E+000,-35.71100E-009,2.18420E+009,2.78546E-006,3.76001E+000,1792,-100.00000E+000,2.16600E-009,-46.16805E+009,-216.60000E-009,3.76001E+000,1792,-100.00000E+000
1,11,41,-80.00000E+000,-36.15900E-009,2.21245E+009,2.89272E-006,3.76398E+000,1792,-100.00000E+000,1.86400E-009,-53.64807E+009,-186.40000E-009,3.76398E+000,1792,-100.00000E+000
1,11,42,-82.00000E+000,-36.32300E-009,2.25752E+009,2.97849E-006,3.76869E+000,1792,-100.00000E+000,1.40600E-009,-71.12376E+009,-140.60000E-009,3.76869E+000,1792,-100.00000E+000
1,11,43,-84.00000E+000,-34.74500E-009,2.41761E+009,2.91858E-006,3.77313E+000,1792,-100.00000E+000,1.17200E-009,-85.32423E+009,-117.20000E-009,3.77313E+000,1792,-100.00000E+000
1,11,44,-86.00000E+000,-34.26400E-009,2.50992E+009,2.94670E-006,3.77733E+000,1792,-100.00000E+000,1.66900E-009,-59.91612E+009,-166.90000E-009,3.77733E+000,1792,-100.00000E+000
1,11,45,-88.00000E+000,-34.56600E-009,2.54585E+009,3.04181E-006,3.78186E+000,1792,-100.00000E+000,1.09500E-009,-91.32420E+009,-109.50000E-009,3.78186E+000,1792,-100.00000E+000
1,11,46,-90.00000E+000,-34.44000E-009,2.61324E+009,3.09960E-006,3.78587E+000,1792,-100.00000E+000,264.00000E-012,-378.78788E+009,-26.40000E-009,3.78587E+000,1792,-100.00000E+000
1,11,47,-92.00000E+000,-34.16000E-009,2.69321E+009,3.14272E-006,3.78984E+000,1792,-100.00000E+000,550.00000E-012,-181.81818E+009,-55.00000E-009,3.78984E+000,1792,-100.00000E+000
1,11,48,-94.00000E+000,-33.21700E-009,2.82988E+009,3.12240E-006,3.79380E+000,1792,-100.00000E+000,1.25100E-009,-79.93605E+009,-125.10000E-009,3.79380E+000,1792,-100.00000E+000
1,11,49,-96.00000E+000,-33.67100E-009,2.85112E+009,3.23242E-006,3.79777E+000,1792,-100.00000E+000,1.23100E-009,-81.23477E+009,-123.10000E-009,3.79777E+000,1792,-100.00000E+000
1,11,50,-98.00000E+000,-34.49800E-009,2.84074E+009,3.38080E-006,3.80175E+000,1792,-100.00000E+000,415.00000E-012,-240.96386E+009,-41.50000E-009,3.80175E+000,1792,-100.00000E+000
1,11,51,-100.00000E+000,-34.19600E-009,2.92432E+009,3.41960E-006,3.80570E+000,1792,-100.00000E+000,872.00000E-012,-114.67890E+009,-87.20000E-009,3.80570E+000,1792,-100.00000E+000
